-- MySQL dump 10.13  Distrib 5.1.47, for redhat-linux-gnu (i386)
--
-- Host: localhost    Database: parts
-- ------------------------------------------------------
-- Server version	5.1.47

/*!40101 SET @OLD_CHARACTER_SET_CLIENT=@@CHARACTER_SET_CLIENT */;
/*!40101 SET @OLD_CHARACTER_SET_RESULTS=@@CHARACTER_SET_RESULTS */;
/*!40101 SET @OLD_COLLATION_CONNECTION=@@COLLATION_CONNECTION */;
/*!40101 SET NAMES utf8 */;
/*!40103 SET @OLD_TIME_ZONE=@@TIME_ZONE */;
/*!40103 SET TIME_ZONE='+00:00' */;
/*!40014 SET @OLD_UNIQUE_CHECKS=@@UNIQUE_CHECKS, UNIQUE_CHECKS=0 */;
/*!40014 SET @OLD_FOREIGN_KEY_CHECKS=@@FOREIGN_KEY_CHECKS, FOREIGN_KEY_CHECKS=0 */;
/*!40101 SET @OLD_SQL_MODE=@@SQL_MODE, SQL_MODE='NO_AUTO_VALUE_ON_ZERO' */;
/*!40111 SET @OLD_SQL_NOTES=@@SQL_NOTES, SQL_NOTES=0 */;

--
-- Table structure for table `class`
--

DROP TABLE IF EXISTS `class`;
/*!40101 SET @saved_cs_client     = @@character_set_client */;
/*!40101 SET character_set_client = utf8 */;
CREATE TABLE `class` (
  `id` int(11) NOT NULL DEFAULT '0',
  `descrip` varchar(255) NOT NULL DEFAULT '',
  UNIQUE KEY `idx1` (`id`,`descrip`)
) ENGINE=MyISAM DEFAULT CHARSET=latin1;
/*!40101 SET character_set_client = @saved_cs_client */;

--
-- Dumping data for table `class`
--

LOCK TABLES `class` WRITE;
/*!40000 ALTER TABLE `class` DISABLE KEYS */;
INSERT INTO `class` VALUES (100,'Buffers'),(101,'Caps SMT'),(102,'Caps Lead'),(103,'Resistors SMT'),(104,'Resistors Lead'),(105,'Inductors SMT'),(106,'Inductors Lead'),(107,'IC\'s analog'),(108,'IC\'s digital'),(109,'IC\'s mixed-signal'),(110,'FPGA'),(111,'Microprocessors'),(112,'Transistors'),(113,'Diodes'),(114,'Thyristors'),(115,'Relay'),(116,'Opto'),(117,'Fuses and Circuit Breakers'),(118,'Misc'),(119,'filters'),(120,'phase_shifters'),(121,'connectors'),(122,'OSCILLATORS'),(123,'Synthesizer'),(124,'mixers'),(125,'power_splitters'),(126,'Cables'),(127,'RF_AMPLIFIERS'),(128,'WIRE'),(129,'ATTENUATORS'),(130,'POWER SUPPLIES'),(131,'DELAYS'),(132,'COUPLERS/HYBRIDS'),(133,'ISOLATORS/CIRCULATORS'),(134,'SWITCH, RF'),(135,'Transformers'),(136,'Power entry modules'),(137,'MOTOR CONTROLLERS'),(138,'TERMINAL BLOCKS'),(139,'FANS/BLOWERS'),(140,'FERRITES'),(141,'CABLE, BULK'),(142,'PCB'),(143,'switch_mech'),(144,'THERMOSTATS'),(145,'PROGRAMMABLE LOGIC CONTROLLERS'),(146,'NETWORK ADAPTERS/ CONVERTERS'),(147,'LASER_DRIVERS'),(148,'MOTORS_STAGES'),(149,'THERMISTORS'),(150,'THERMOELECTRIC COOLER(TEC)'),(151,'LASER DIODE'),(152,'RF_DETECTOR_AMPLIFIERS'),(153,'RF LOADS/TERMINATIONS'),(154,'DAC_ADC_MODULES'),(155,'LIMIT SWITCH, HALL EFFECT'),(200,'Screws'),(201,'Nuts'),(202,'Set Screws'),(203,'Washers'),(204,'Pins'),(205,'Rod Ends'),(206,'Mounts Leveling'),(207,'Rod Threaded'),(208,'CF Flanges'),(209,'tube fittings'),(210,'Ring, Retaining'),(211,'INSERT, THREADED'),(212,'Gasket CF Flange'),(213,'Sub-Rack/Chassis Material'),(214,'PLUG, PIPE'),(215,'Standoffs'),(216,'shields'),(217,'VACUUM TUBING'),(218,'springs'),(219,'micrometers'),(220,'COUPLING'),(221,'WIRE/ CABLE MANAGEMENT'),(222,'IDENTIFICATION/ LABELING'),(300,'Prisms');
/*!40000 ALTER TABLE `class` ENABLE KEYS */;
UNLOCK TABLES;

--
-- Table structure for table `datasheet`
--

DROP TABLE IF EXISTS `datasheet`;
/*!40101 SET @saved_cs_client     = @@character_set_client */;
/*!40101 SET character_set_client = utf8 */;
CREATE TABLE `datasheet` (
  `id` int(11) NOT NULL AUTO_INCREMENT,
  `filename` varchar(255) NOT NULL DEFAULT '',
  `file_type` varchar(255) NOT NULL DEFAULT '',
  `file_data` blob NOT NULL,
  UNIQUE KEY `idx1` (`id`)
) ENGINE=MyISAM AUTO_INCREMENT=2 DEFAULT CHARSET=latin1;
/*!40101 SET character_set_client = @saved_cs_client */;

--
-- Dumping data for table `datasheet`
--

LOCK TABLES `datasheet` WRITE;
/*!40000 ALTER TABLE `datasheet` DISABLE KEYS */;
INSERT INTO `datasheet` VALUES (1,'','','');
/*!40000 ALTER TABLE `datasheet` ENABLE KEYS */;
UNLOCK TABLES;

--
-- Table structure for table `parts`
--

DROP TABLE IF EXISTS `parts`;
/*!40101 SET @saved_cs_client     = @@character_set_client */;
/*!40101 SET character_set_client = utf8 */;
CREATE TABLE `parts` (
  `id` int(11) NOT NULL AUTO_INCREMENT,
  `class_id` int(11) NOT NULL DEFAULT '0',
  `part_number` int(11) NOT NULL DEFAULT '0',
  `descrip` varchar(255) NOT NULL DEFAULT '',
  `vendor_id` int(11) NOT NULL DEFAULT '1',
  `vendor_part_number` varchar(255) DEFAULT NULL,
  `username` varchar(255) NOT NULL DEFAULT '',
  `ts` datetime DEFAULT NULL,
  `status` char(1) DEFAULT NULL,
  `notes` text,
  `datasheet_id` int(11) NOT NULL DEFAULT '1',
  UNIQUE KEY `idx2` (`class_id`,`part_number`),
  UNIQUE KEY `idx1` (`id`)
) ENGINE=MyISAM AUTO_INCREMENT=1943 DEFAULT CHARSET=latin1;
/*!40101 SET character_set_client = @saved_cs_client */;

--
-- Dumping data for table `parts`
--

LOCK TABLES `parts` WRITE;
/*!40000 ALTER TABLE `parts` DISABLE KEYS */;
INSERT INTO `parts` VALUES (1,107,1,'OPAmp27',2,'opamp27','olipkind','2003-08-01 09:59:29','D','',1),(2,107,2,'Difference Amplifier, INA117KU, SO8, Burr-Brown',2,'INA117KU','olipkind','2003-08-07 09:25:00','A','',1),(3,200,1,'#2-56 X 1/4\" SHCS, S.S.',3,'92196A077','oshulepov','2003-08-11 12:06:03','A','',1),(4,200,2,'1/4\"-20 X 5/8\" SHCS, S.S.',3,'92196A539','oshulepov','2003-08-11 17:42:32','A','',1),(5,201,1,'1/4\"-20 Nut hex, 7/16\"W, S.S.',3,'91240A029','oshulepov','2003-08-11 17:46:48','A','',1),(6,201,2,'1/2\"-13 Nut hex, 3/4W, S.S.',3,'92673A137','oshulepov','2003-08-11 17:48:07','A','',1),(7,201,3,'1/2\"-13 Locknut Slip-on Quick-Threading,1-1/16\"W, S.S.',3,'90125A088','oshulepov','2003-08-11 17:55:01','A','',1),(8,203,1,'Washer spherical set, screw 1/2\"',3,'91944A470','oshulepov','2003-08-11 17:58:30','A','',1),(9,206,1,'Mount Leveling 1/4\"-20 Thd',3,'6167K15','oshulepov','2003-08-11 17:59:40','A','',1),(10,207,1,'1/2\"-13 X 3\' Rod Threaded, S.S.',3,'98847A033','oshulepov','2003-08-11 18:02:50','A','',1),(11,206,2,'Foot Screw Clamp',4,'34SSCS','oshulepov','2003-08-11 18:04:40','A','',1),(12,204,1,'Pin Dowel 3/16\" Dia, 1-1/4\" L, S.S.',3,'90145A512','oshulepov','2003-08-12 09:26:06','A','',1),(13,205,1,'Rod End 1/4\"-20 THD, 2\" L, 1/2\" Head Dia, 3/16\" ID, S.S.',3,'6097K12','oshulepov','2003-08-12 09:28:06','A','',1),(14,203,2,'Washer flat, screw 1/4\", ID=9/32\", OD=5/8\", THK=.050\", S.S.',3,'92141A029','oshulepov','2003-08-12 09:30:07','A','',1),(15,201,4,'1/4\"-20 Nut Wing, 1-3/32\" wing spread, S.S.',3,'92001A321','oshulepov','2003-08-12 09:31:30','A','',1),(16,202,1,'#6-32 X 3/16\" Socket Set Screw with nylon flat point, S.S.',3,'90291A143','oshulepov','2003-08-12 09:33:27','A','',1),(17,201,5,'5/8\"-11 Nut Hex, 1-1/16\" W, S.S.',3,'94252A715','oshulepov','2003-08-12 09:52:35','A','',1),(18,203,3,'Washer flat, screw 5/8\", ID=.64\", OD=1.188\", THK=.053\", S.S.',3,'98017A215','oshulepov','2003-08-12 09:55:09','A','',1),(19,107,3,'OPamp, AD8056AR. high speed dual voltage feetback, SOIC-8, Analog Devices',5,'AD8056AR','olipkind','2003-08-21 13:43:45','A','',1),(20,107,4,'OPamp, OPA177GS, Precision OPamp, SOIC-8, Burr-Brown',2,'OPA177GS','bwoo','2003-09-15 15:57:45','A','',1),(21,107,5,'Differential Amplifier, AD8132AR, High Speed - 350MHZ, SOIC-8, Analog Devices',5,'AD8132AR','bwoo','2003-08-22 10:48:46','A','',1),(22,107,6,'Isolation Amplifier, AD202KN, DIP_38, Analog Devices',5,'AD202KN','bwoo','2003-10-15 15:26:56','A','',1),(23,107,7,'Comparator, LM311M, Voltage Comparator, SOIC-8, National Semiconductor',6,'LM311M','bwoo','2003-08-22 11:03:47','A','',1),(24,116,1,'Optocoupler,  4N35S-M, Phototransistor Optocoupler, 6-pin SMT, Fairchild',7,'4N35S-M','bwoo','2003-10-31 08:52:12','A','',1),(25,108,1,'AND Gate,  CD74HCT21M, Dual 4-Input AND Gate, SOIC-14, Texas Instruments',8,'CD74HCT21M','bwoo','2003-08-22 11:29:45','A','',1),(26,108,2,'Inverter, CD74HCT14M, Six schmitt trigger inverter, SOIC-14, Texas Instruments',8,'CD74HCT14M','bwoo','2003-08-22 11:40:23','A','',1),(27,108,3,'R-S Latches, MC14043BD, Quad R-S Latch, SOIC-16, ON Semiconductor',9,'MC14043BDR2','bwoo','2003-11-03 11:01:32','A','',1),(28,107,8,'D-Type Flip-Flip, SN74HC175D, Quad D-type Flip-Flops, SOIC-16, Texas Instruments',8,'SN74HC175D','bwoo','2003-08-22 12:01:42','A','',1),(29,108,4,'Driver, ULN2803ADWR, 8Ch Darlington sink driver, SOIC-18, Texas Instruments',8,'ULN2803ADWR','mwinfield','2012-05-03 13:29:11','A','',1),(30,104,1,'Resistor, 30014420K20K, Ultimate tracking voltage divider, Vishay',11,'300144','bwoo','2005-12-02 10:28:00','A','',1),(31,103,1,'Resistor 499 OHM, 1%, 1/4W, 1206, Panasonic  ERJ-8ENF4990V, Panasonic',15,'ERJ-8ENF4990V','bwoo','2003-10-03 06:23:29','A','',1),(32,103,2,'Resistor 15K OHM, 1% , 1/4W, 1206, Panasonic   ERJ-8ENF1502V',15,'ERJ-8ENF1502V','bwoo','2003-10-02 08:21:45','A','',1),(33,103,3,'Resistor 20K OHM, 1%, 1/4W, 1206, Panasonic  ERJ-8ENF2002V',15,'ERJ-8ENF2002V','bwoo','2003-10-02 08:22:39','A','',1),(34,103,4,'Resistor 10K OHM, 1%, 1/4W, 1206, Panasonic  ERJ-8ENF1002V',15,'ERJ-8ENF1002V','bwoo','2003-10-02 08:23:28','A','',1),(35,103,5,'Resistor 1K OHM, 1%, 1/4W, 1206, Panasonic  ERJ-8ENF1001V',15,'ERJ-8ENF1001V','bwoo','2003-10-02 08:24:24','A','',1),(36,103,6,'Resistor 3.32K OHM, 1%, 1/4W, 1206, Panasonic  ERJ-8ENF3321V',15,'ERJ-8ENF3221V','bwoo','2003-10-02 08:31:28','A','',1),(37,103,7,'Resistor 332 OHM, 1%, 1/4W, 1206, Panasonic  ERJ-8ENF3320V',15,'ERJ-8ENF3320V','bwoo','2003-10-02 08:39:49','A','',1),(38,103,8,'Resistor 681 OHM, 1%, 1/4W,  1206, Panasonic  ERJ-8ENF6810V',15,'ERJ-8ENF6810V','bwoo','2003-10-02 08:45:34','A','',1),(39,103,9,'Resistor 249K OHM, 1%, 1/4W,  1206, Panasonic  ERJ-8ENF2493V',15,'ERJ-8ENF2493V','bwoo','2003-10-02 08:51:21','A','',1),(40,108,5,'D-Type Flip-Flop, SN74HC175D, Quad D-Type Flip-Flop, SOIC-16. Texas Instruments',8,'SN74HC175D','bwoo','2003-08-22 17:06:08','A','',1),(41,108,6,'Monostable Multivibrator, CD4528BCM, Dual Monostable Multivibrator, SOIC-16, Fairchild',7,'CD4528BCM','bwoo','2003-08-24 11:29:42','A','',1),(42,101,1,'Capacitor Cer.,  0.01uF, +/- 10%, 50V,  X7R, 0805',107,'08055C103KAT2A','mwinfield','2011-04-07 07:38:07','A','DIGI-KEY PART# 399-1158-2-ND$0.008',1),(43,101,2,'Capacitor, 1uF, Tantalum, 35V, +/- 20%, 3216',107,'TAJA105K035RNJ','mwinfield','2012-01-09 14:43:32','A','Digi-Key part #P1132TR-ND',1),(44,107,9,'RF/IF Gain and Phase Detector, AD8302ARU, TSSOP-14, Analog Devices',5,'AD8302ARU','olipkind','2003-09-16 11:59:55','A','',1),(45,103,10,'Resistor 52.3 ohm , 1/10W, 1%, 0805, ERJ-6ENF52R3, Panasonic',15,'ERJ-6ENF52R3','olipkind','2003-09-16 17:20:18','A','',1),(46,101,3,'Capacitor, Cer., 0.1uF,10%, 16V, X7R, 0603',107,'0603YC104KAT2A','mwinfield','2011-04-13 06:01:03','A','',1),(47,101,4,'Capacitor cer.,  470pF, 5%, 50V, 0603, NPO',107,'06035A471JAT2A','mwinfield','2011-04-15 07:09:07','A','',1),(48,101,5,'Capacitor Cer., 330pF, 5%, 50V, 0603, NPO',107,'06035A331JAT2A','mwinfield','2011-04-14 12:35:33','A','',1),(49,119,1,'Filter, Bandpass, MS16.2-0.8-4CC, f0=16.2MHz, BW=0.8MHz, loss <6dB, attn >40dB @10% off f0',16,'MS16.2-0.8-4CC','olipkind','2003-09-22 11:56:17','A','',1),(50,120,1,'phase shifter, SPH-16, 13-16MHz, 0-180deg, 0-7V, Mini-circuits',17,'SPH-16','olipkind','2003-09-22 11:55:44','A','',1),(51,120,2,'phase shifter, SPH-16, 13-16MHz, 0-180deg, 0-7V, Mini-circuits',17,'SPH-16','olipkind','2003-09-22 09:32:22','D','',1),(52,107,10,'OPamp dual, AD8066AR, high-speed, FET input, SOIC-8, Analog Devices',5,'AD8066AR','olipkind','2003-09-22 11:58:11','A','',1),(53,101,6,'Cap tantalum, 4.7uFx20V, 3216, AVX TAJA475K020R',107,'TAJA475K020R','mwinfield','2005-10-13 10:00:15','A','',1),(54,113,1,'Diode SSTPAD5, low-leakage, SOT-23, Vishay Siliconix',18,'SSTPAD5','olipkind','2003-09-22 16:32:40','A','',1),(55,101,7,'Cap Cer., SMT,  39pF, 50V, 5%, NPO, 0603',107,'06035A390JAT2A','mwinfield','2011-04-14 12:59:39','A','',1),(56,103,11,'Resistor 332 OHM, 1%, 1/8W, 0805, Panasonic ERJ-6ENF3320V',15,'ERJ-6ENF3320V','olipkind','2003-09-22 17:47:41','A','',1),(57,121,1,'Connector, SMA, right angle PCB, 50 ohm impedance, Amphenol 901-9865',19,'901-9865','olipkind','2003-09-22 18:58:29','A','',1),(58,121,2,'4-Header, single row, vertical, 0.1',28,'22-28-4040','mwinfield','2011-06-01 12:01:23','A','',1),(59,121,3,'2-Header, Single row, vertical, 0.1\"',28,'22-28-4020','mwinfield','2011-06-01 08:49:28','A','',1),(60,103,12,'Resistor 499 OHM, 1%, 1/8W, 0805, Panasonic ERJ-6ENF4990V',15,'ERJ-6ENF4490V','olipkind','2003-09-23 18:47:23','A','',1),(61,103,13,'Resistor 20 OHM, 1%, 0805, 1/8W, Panasonic ERJ-6ENF20R0V',15,'ERJ-6ENF20R0V','olipkind','2003-09-23 16:20:21','A','',1),(62,103,14,'Resistor 604 OHM, 1%, 1/8W, 0805, Panasonic ERJ-6ENF6040V',15,'ERJ-6ENF6040V','olipkind','2003-09-23 18:36:28','A','',1),(63,101,8,'Capacitor SMT, 470pF, 5%, MICA, 1812',114,'MC18FA471J-F','mwinfield','2011-04-15 07:47:28','A','',1),(64,101,9,'Capacitor MICA, 240pF 1%, 1210, Cornell Dubilier MC12FA241J',20,'338-1029-ND','olipkind','2003-09-25 11:58:13','D','',1),(65,107,11,'Analog Switch MAX394CWP, Low-voltage, quad, SPDT, CMOS,  wide SO-20',21,'MAX394CWP','olipkind','2003-09-25 17:22:03','A','',1),(66,121,4,'Test Point, surface mount, compact SMT, KEYSTONE 5016',22,'5016','bwoo','2003-10-01 19:26:50','A','Digi-Key # 5016KCT-ND       $0.23      ',1),(67,116,2,'LED, Red,  Right Angle, If = 10mA, Vf = 2.2V,  SMD, Chicago Miniature Lamp  6200T1',23,'6200T1','bwoo','2003-10-02 10:53:18','A','',1),(68,113,2,'Diode 1N4148W-7, Swithcing Diode, SOD-123, Diodes Incorporated',24,'1N4148W-7','bwoo','2003-10-02 14:35:36','A','',1),(69,107,12,'Differential Amplifier, THS4130ID, SOIC-8, Texas Instruments',8,'THS4130ID','bwoo','2003-10-02 20:00:29','A','',1),(70,107,13,'Instrumentation Amplifier, AD625CD, DIP-16, Analog Devices',5,'AD625CD','bwoo','2003-10-02 20:25:40','A','',1),(71,103,15,'Resistor 255 OHM, 1%, 1/4W, 1206, Panasonic ERJ-8ENF2550V',15,'ERJ-8ENF2550V','bwoo','2003-10-02 20:51:35','A','',1),(72,103,16,'Resistor 2K OHM, 1%, 1/4W, 1206, Panasonic ERJ-8ENF2001V',15,'ERJ-8ENF2001V','bwoo','2003-10-02 21:07:07','A','',1),(73,104,2,'Resistor 10 OHM, SMT, 1206, 0.25%, 5.0ppm, 1/8W, Vishay, VFC1206',11,'VFC1206','bwoo','2004-05-20 10:15:36','A','',1),(74,103,17,'Resistor 100K OHM, 1%, 1/4W, 1206, Panasonic ERJ-8ENF1003V',15,'ERJ-8ENF1003V','bwoo','2003-10-03 05:49:54','A','',1),(75,101,10,'Capacitor Cer., SMT, 56pF, 5%, 50V, 0805, NPO',107,'08055A560JAT2A','mwinfield','2011-04-15 08:43:26','A','',1),(76,103,18,'Capacitor Cer., 680pF, 5%, 50V, 0805, NPO, ECJ-2VC1H681J',15,'ECJ-2VC1H681J','bwoo','2003-10-03 06:14:33','D','',1),(77,101,11,'Capacitor Cer., 680pF, 5%, 50V, 0805, NPO',107,'08055A681JAT2A','mwinfield','2011-04-15 11:55:55','A','',1),(78,101,12,'Capacitor Cer., 1200pF, 5%, 50V, 0805, NPO',107,'08055A122JAT2A','mwinfield','2011-04-14 05:56:07','A','',1),(79,107,14,'Voltage Regulator, MC7815BTG, 15V, 1A, Linear, TO220, ON SEMI',9,'MC7815BTG','mwinfield','2012-02-23 11:04:00','A','',1),(80,107,15,'Voltage Regulators, Negative, MC7915CT, -15V, 1A, TO220, Fairchild',7,'MC7915CT','bwoo','2003-10-03 08:25:35','A','',1),(81,107,16,'Voltage Regulator, MC7805CTG, 5V, 1A, TO220, ON SEMI',9,'MC7805CTG','mwinfield','2012-09-18 09:20:56','A','',1),(82,121,5,'DIN Connectors, 96 pins, RT angle, Plug, PCB, AMP/Tyco Electronics 215605-4',25,'215605-4','bwoo','2003-10-21 18:57:57','A','',1),(83,118,1,'Switch Push Button, SPST,  MOM (N/O), RT Angle, PCB, ITT INDUSTRIES, TP11SH8ABE',26,'TP11SH8ABE','bwoo','2003-10-03 13:58:02','D','',1),(84,103,19,'Resistor 150 OHM, 1%, 1/4W, 1206, Panasonic ERJ-8ENF1500V',15,'ERJ-8ENF1000V','bwoo','2003-10-03 14:18:24','A','',1),(85,204,2,'Pin Dowel 1/8\" Dia, 3/8\" L, S.S.',3,'90145A470','oshulepov','2003-10-06 15:08:31','A','',1),(86,101,13,'Capacitor, Tantalum, 0.33uFx35V, +/-20%, 3216',197,'F921V334MAA','mwinfield','2011-06-01 05:48:56','A','',1),(87,121,6,'DIN Connectors, 96 pins, Vertical, Receptacle, PCB, Pin_Length_0.180,  AMP/Tyco Electronics 536412-4',25,'148059-5','bwoo','2004-02-24 17:16:27','A','',1),(88,103,20,'Resistor 24.9 ohm, 1%, 1/10W, 0805, Panasonic ERJ-6ENF24R9V',15,'ERJ-6ENF24R9V','mwinfield','2005-10-13 15:33:11','A','',1),(89,103,21,'Resistor 1K, 1%, 1/10W, 0805',14,'ERJ-6ENF1001V','mwinfield','2011-04-07 07:48:04','A','',1),(90,101,14,'Capacitor, Tantalum, 10uF, 6.3V, 3216',107,'TAJA106K006RNJ','mwinfield','2011-04-14 05:52:47','A','',1),(91,121,7,'0.050 Series Connector, 100 pins, Vertical PCB, Receptacle, AMP, 786555-9',25,'786555-9','bwoo','2004-01-26 16:58:34','A','',1),(92,121,8,'D-SUB Connector, HD-20 Series, 50 pins, Receptacle, Vertical PCB, Post Length 0.188,  AMP, 745191-7',25,'745191-7','bwoo','2004-02-24 17:41:21','A','',1),(93,121,9,'D-SUB Hybrid, 17 TW Series, 5 pins, Plug, Vertical PCB, Amphenol, 717TWB5W5PP2Y',19,'717TWB5W5PP2Y','bwoo','2003-10-24 11:36:14','A','',1),(94,121,10,'D-SUB Connector,  HD-20 Series, 15 pins, Receptacle, Vertical PCB, Post Length 0.188\", Amp, 745185-7',25,'745185-7','bwoo','2003-10-24 11:34:26','A','',1),(95,121,11,'D-SUB Connector, HD-20 Series, 9 pins, Receptacles, Vertical PCB, Post length 0.188\",  Amp, 745183-7',25,'745183-7','bwoo','2003-10-24 11:33:23','A','',1),(96,121,12,'2-Header, Shrouded Locking, Vertical PCB, 0.100\", Molex, 70543-0001',28,'70543-0001','bwoo','2003-10-23 15:25:14','A','',1),(97,121,13,'Test Point, miniature SMT, KEYSTONE 5015',22,'5015','olipkind','2003-10-24 09:56:04','A','',1),(98,121,14,'D-SUB CONN, HD-20 SERIES, .318 MT, 9 POS., PINS, RT ANGLE',25,'747840-6','mwinfield','2004-04-07 08:11:16','A','',1),(99,121,15,'D-SUB Connector, HD-20 Series, 9 position, pins, Rt. Angle, AMP, 747832-4',25,'747832-4','mwinfield','2003-10-27 13:19:16','D','',1),(100,121,16,'D-SUB CONN., HD-20 SERIES, 9 POS., SOCKETS, SOLDER CUP TERM.',25,'747905-4','mwinfield','2004-04-07 08:12:22','A','',1),(101,121,17,'D-SUB Connector, HD-20 Series, 9 position, pins, Rt. Angle, AMP, 747832-4',25,'747832-4','mwinfield','2003-10-27 13:21:33','D','',1),(102,118,2,'BACKSHELL, D-SUB CONN., BLK THERMOPLASTIC, 9 POS.',25,'207467-1','mwinfield','2004-04-07 08:09:57','A','',1),(103,121,18,'CONN., SMA(F), R/A PCB MT., 50 ohm',25,'901-143-6RFX','mwinfield','2004-04-07 08:14:02','A','',1),(104,116,3,'LED, RED/GREEN, Right Angle, PCB, Thru_hole, If=10mA, Vf=2.1, DIALIGHT, 550-3509',29,'550-3509','bwoo','2003-10-31 10:00:06','A','',1),(105,121,19,'2 HEADER, Straight Friction Lock Header, VT_PCB, 0.100\", MOLEX, 22-23-2021',28,'22-23-2021','bwoo','2003-10-31 14:33:26','A','',1),(106,103,22,'Resistor, 20 OHM, 1%, 1/4W, 1206, PANASONIC, ERJ-8ENF20R0V',15,'ERJ-8ENF20R0V','bwoo','2003-11-03 14:40:12','A','',1),(107,103,23,'Resistor, 10 OHM, 1%, 1/4W, 1206, Panasonic, ERJ8ENF10RV0',15,'ERJ8ENF10RV0','bwoo','2003-11-04 09:15:31','A','',1),(108,103,24,'Resistor, 750 OHM, 1%, 1/4W, 1206, Panasonic, ERJ-8ENF7500V',15,'ERJ-8ENF7500V','bwoo','2003-11-05 15:02:37','A','',1),(109,103,25,'Resistor, 374 OHM, 1%, 1/4W, 1206, Panasonic, ERJ-8ENF3740V',15,'ERJ-8ENF3740V','bwoo','2003-11-05 15:08:05','A','',1),(110,113,3,'Diode, 1N5819HW-7, Schottky Rectifier, SOD-123, Diodes Incorporated',24,'1N5819HW-7','bwoo','2003-11-06 19:40:40','A','',1),(111,122,1,'Oscillator, Oven Controlled Crystal Oscillators, CO718SA19 Option L2, Configuration W with 0dbm output, Vectron International',0,'CO-718SA19','bwoo','2003-11-11 15:04:25','A','',1),(112,122,2,'Oscillator, Oven Controlled Crystal Oscillator, CO-718SA19 Option L2, Configuration W, with 0dbm output, Vectron Internatioal',30,'CO-718SA19','bwoo','2004-05-21 14:20:15','A','',1),(113,123,1,'Synthesizer, XPCRO-2384, Communication Techniques, Inc.',31,'XPCRO-2384','mwinfield','2006-04-18 14:09:41','A','',1),(114,103,26,'Resistor, 49.9K OHM, 1%, 1/4W, 1206, Panasonic, ERJ-8ENF4992V',15,'ERJ-8ENF4992V','bwoo','2003-11-13 11:07:01','A','',1),(115,103,27,'Resistor, 75K OHM, 1%, 1/4W, 1206 Panasonic, ERJ-8ENF7502V',15,'ERJ-8ENF7502V','bwoo','2003-11-13 11:14:12','A','',1),(116,101,15,'Capacitor Cer., 0.047uF, +/- 10%, 25V, X7R, 0805',229,'TMK212B7473KD-T','mwinfield','2011-06-01 05:31:15','A','',1),(117,101,16,'Capacitor Cer., 0.47uF, +/- 10%, 25V, X7R, 1206',107,'12063C474KAT2A','mwinfield','2011-04-13 07:22:52','A','',1),(118,101,17,'Capacitor Cer., 0.33uF, +/- 10%, 25V, X7R, 1206',39,'GRM319R71E334KA01D','mwinfield','2011-04-13 07:20:23','A','',1),(119,101,18,'Capacitor, Tantalum, 15uF, 35V, +/- 20%, 7343',107,'TAJD156K035RNJ','mwinfield','2011-04-14 06:29:37','A','',1),(120,121,20,'Test Point, Orange, miniature, thru hole, Keystone 5003',22,'5003','bwoo','2003-11-17 16:55:38','A','',1),(121,121,21,'Test Point, Red, miniature, thru hole, Keystone 5000',22,'5000','bwoo','2003-11-17 16:54:53','A','',1),(122,121,22,'Test Point, Black, miniature, thru hole, Keystone 5001',22,'5001','bwoo','2003-11-17 16:56:42','A','',1),(123,119,2,'Bandpass ceramic filter, CF 5420 MHz',32,'933267','olipkind','2003-11-19 15:15:16','A','',1),(124,119,3,'Bandpass ceramic filter, CF 4901 MHz',32,'933266','olipkind','2003-11-19 15:17:02','A','',1),(125,119,4,'Bandpass ceramic filter, CF 5453 MHz',32,'933107','olipkind','2003-11-19 15:18:18','A','',1),(126,119,5,'Bandpass ceramic filter, CF 4934 MHz',32,'933235','olipkind','2003-11-19 15:19:28','A','',1),(127,124,1,'mixers',1,'','olipkind','2003-11-19 15:41:50','D','',1),(128,124,2,'Mixer, ZMX-7GLHR, 3700-7000 MHz',49,'ZMX-7GLHR','mwinfield','2011-06-01 12:12:46','A','',1),(129,125,1,'Power splitter,Two-Way,  ZN2PD-9G, 1700-9000 MHz',49,'ZN2PD-9G','mwinfield','2011-06-01 12:43:43','A','',1),(130,121,23,'ADAPTER, BLKHD, SMA(f)-SMA(f), AU PL',124,'901-9209A','mwinfield','2012-09-20 14:15:18','A','',1),(131,126,1,'CABLE ASSY, COAX, HAND FORMABLE, .141 O.D., SMA(M) STR-STR, L= 3 IN.',160,'P1-SMAP/SMAP-141CJ-3','mwinfield','2007-05-24 11:26:37','A','',1),(132,126,2,'CABLE ASSY, COAX, HAND FORMABLE, .141 O.D., SMA(M) STR-STR, L= 4 IN.',160,'P1-SMAP/SMAP-141CJ-4','mwinfield','2007-05-24 11:27:02','A','',1),(133,126,3,'CABLE ASSY, COAX, HAND FORMABLE, .141 O.D., SMA(M) STR-R/A, L= 3 IN.',160,'P1-SMAP/SMAPRA-141CJ-3','mwinfield','2007-05-24 11:28:30','A','',1),(134,126,4,'CABLE ASSY, COAX, HAND FORMABLE, .141 O.D., SMA(M) STR-R/A, L= 4IN.',160,'P1-SMAP/SMAPRA-141CJ-4','mwinfield','2007-05-24 11:29:13','A','',1),(135,121,24,'BNC Connector, Vertical Metallized PCB, 50 Ohm, Jack, AMP , 227699-2',25,'227699-2','bwoo','2003-12-03 13:37:05','A','',1),(136,208,1,'6.0OD x 4.0ID x .10 FLANGE NONROT',34,'F06000400NCE','oshulepov','2003-12-18 18:44:28','A','',1),(137,122,3,'DRO-5.436 GHz dielectric resonator oscillator, 5.436113 GHz, +14 dBm, CTI',31,'','olipkind','2003-12-11 15:37:39','A','',1),(138,122,4,'DRO-4.917 GHz dielectric resonator oscillator, 4.916841 GHz, +14 dBm, CTI',31,'','olipkind','2003-12-11 15:37:18','A','',1),(139,125,2,'Power splitter PS32-A3-457-1S, 32Way:0, 5.45GHz, Pulsar Microwave',35,'PS32-xx-457_1S','olipkind','2003-12-31 15:13:52','A','',1),(140,107,17,'RF Amplifier ZRON-8G, 2-8 GHz, Gain 20dB, SMA/SMA, Mini-circuits',17,'ZRON-8G','olipkind','2003-12-15 15:20:23','A','',1),(141,107,18,'RF amplifier ACP7019, GAIN 14dB, P1db =27.5dBm, Cougar Components',36,'ACP7019','olipkind','2003-12-15 17:21:52','A','',1),(142,208,2,'2.75OD X 1.75ID FLANGE ROT',34,'F02750175RC4','oshulepov','2003-12-17 09:12:27','A','',1),(143,209,1,'3/8\" PIPE- 1/4NPT FLARE MALE CONNECTOR',37,'6-FTX-S','oshulepov','2003-12-18 08:05:17','A','Stainless Steel',1),(144,208,3,'2.75OD X 1.25ID X .065 FLANGE NONROT',34,'F02750125NC4','oshulepov','2003-12-18 16:41:52','A','',1),(145,208,4,'4.5OD X 2.5ID X .063 FLANGE NONROT',34,'F04500250NC4','oshulepov','2003-12-18 18:30:09','A','',1),(146,208,5,'6.0OD FLANGE BLANK NONROT',34,'F06000000NC4','oshulepov','2003-12-18 18:47:32','A','',1),(147,200,3,'SCR,SCH,1/4-20 X 2.75L,18-8 SST',3,'92196A553','dhaigh','2003-12-31 15:06:46','A','',1),(148,200,4,'SCR,SCH,#8-32 X 2L,18-8 SST',3,'92196A205','dhaigh','2003-12-31 15:09:03','A','',1),(149,203,4,'WSHR,FLT,1/4,9/32 ID,5/8 OD,.050THK,18-8 SST',3,'92141A029','dhaigh','2003-12-31 15:11:50','A','',1),(150,125,3,'Power splitter PS32-A4-457/1S, 32Way:0, 4.9GHz, Pulsar Microwave',35,'PS32-A4-457/1S','olipkind','2003-12-31 15:14:22','A','',1),(151,203,5,'WSHR,FLT,#8,11/64 ID,3/8 OD,.032 THK,18-8 SST',3,'92141A009','dhaigh','2003-12-31 15:13:26','A','',1),(152,201,6,'NUT,SERR FLG,1/4-20,19/32 OD,15/64 THK,18-8 SST',3,'93776A421','dhaigh','2003-12-31 15:15:59','A','',1),(153,201,7,'NUT,SERR FLG,#8-32,15/32 OD,13/64 THK,18-8 SST',3,'93776A381','dhaigh','2003-12-31 15:18:02','A','',1),(154,204,3,'PRECISION DOWEL PIN, .125 DIA X .375 LG, 303 SST',38,'d5-375','dhaigh','2003-12-31 15:22:48','A','',1),(155,107,19,'AD8512AR, Presision, dual JFET 8MHz BW opamp, Analog Devices[',5,'AD8512AR','olipkind','2004-01-02 10:40:36','A','',1),(156,107,20,'OPA656U, single, unity gain stable 500MHz BW, 290 v/us slew rate, low leakage opamp, SO-8, Burr Brown',2,'OPA656U','olipkind','2004-01-02 11:21:02','A','',1),(157,107,21,'AD8055AR opamp, high-speed, FETinput, single, SOIC-8, Analog Devices',1,'Analog Devices','olipkind','2004-01-02 11:45:48','A','',1),(158,103,28,'Resistor SMT, 0.1 ohm +-5%, 1/8W, 0805, Panasonic ERJ6RSJR10V',15,'ERJ6RSJR10V','olipkind','2004-01-02 15:26:22','A','',1),(159,101,19,'Cap cer, SMT, 47pFx50V, +-5%, NPO, 0603',107,'06035A470JAT2A','mwinfield','2011-06-01 05:49:59','A','',1),(160,101,20,'Cap cer SMT, 150pFx50V +-5%, 0603, NPO',107,'06035A151JAT2A','mwinfield','2011-04-14 06:19:23','A','',1),(161,103,29,'Resistor SMT, TKF, 100 ohm, 1%, 1/8W, 0805, Panasonic  ERJ-6ENF1000V',15,'ERJ-6ENF1000V','olipkind','2004-01-02 16:27:50','A','',1),(162,209,2,'3/4\" TUBE-3/4NPT FLARE MALE CONNECTOR',37,'12-ftx-ss','oshulepov','2004-01-04 13:29:07','A','',1),(163,209,3,'3/8\" TUBE FLARE NUT',37,'6-BTX-SS','oshulepov','2004-01-04 13:32:14','A','',1),(164,209,4,'3/4\" TUBE FLARE NUT SST',37,'12-BTX-SS','oshulepov','2004-01-04 13:33:23','A','',1),(165,209,5,'3/8\" TUBE FLARE SLEEVE SST',37,'6-TX-SS','oshulepov','2004-01-04 13:34:51','A','',1),(166,209,6,'3/4\" TUBE FLARE SLEEVE SST',37,'12-TX-SS','oshulepov','2004-01-04 13:35:27','A','',1),(167,105,1,'Ferrite bead BLM18AG102SN1, 0.7 ohm DC, 1000 ohm @100 MHz, 100 mA',39,'BLM18AG102N1','olipkind','2004-01-06 09:15:32','A','',1),(168,107,22,'LTC1992-1, gain of 1 fully differantial input/output driver, 8-pin MSOP, Linear Technologies',40,'LTC1992-1','olipkind','2004-01-06 09:14:28','A','',1),(169,107,23,'LM340S-5.0 voltage regulator, 3-pin positive 5V, TO-263, National',41,'LM340S-5.0','olipkind','2004-01-06 17:07:45','A','',1),(170,107,24,'LM2990S-5.0 Voltage regulator, 3-pin, 5V positive, 1A, TO-263, National',41,'LM2990S-5.0','olipkind','2004-01-06 17:30:06','A','',1),(171,209,7,'3/8\" TUBE FLARE UNION TEE SST',37,'6-JTX-SS','oshulepov','2004-01-08 07:46:59','A','',1),(172,127,1,'Amplifier, RF, 4.5-7.0 GHz, G = 13dB ,+27dBm 1dB Comp., +15VDC',42,'PA2062F','mwinfield','2006-03-14 10:20:25','A','',1),(870,121,160,'CONN HSG,  6 POS, .156 CTR., W/ LOCKING RAMP',28,'09-50-8061','mwinfield','2006-08-31 10:29:38','A','',1),(173,201,8,'NUT,HEX, 8-32UNC , 11/32 WDF, 1/8 THK, 18-8 SST',3,'91841a009','dhaigh','2004-01-20 11:31:47','A','',1),(174,203,6,'WSHR, SPLK, 1/4, 9/32ID, 5/8OD, .050 THK, 18-8 SST',3,'92146a029','dhaigh','2004-01-20 11:23:37','A','',1),(175,203,7,'WSHR, SPLK, 8, .174ID, .293OD, 18-8 SST',3,'92146a545','dhaigh','2004-01-20 11:26:03','A','',1),(176,121,25,'D-SUB CONNECTOR, HD-20 SERIES, .318 MT., 15 POS., PINS, RT. ANGLE',25,'747841-6','mwinfield','2004-04-07 08:16:13','A','',1),(177,121,26,'D-SUB Connector, HD-20 Series, 25 pins, Receptacle, Vertical PCB, Post Length 0.188\", Amp, 745187-7',25,'745187-7','bwoo','2004-01-26 17:40:33','A','',1),(178,105,2,'Ferrite Bead, BLM18AG601SN1B, 0.5DC ohm, 600 ohm @100MHz, 500mA, 0603, Murata',39,'BLM18AG601SN1B','olipkind','2004-04-29 13:42:17','A','',1),(179,107,25,'Opamp, AD8009ARZ, 1GHZ , Current Feedback,  SOIC-8, RoHS, Analog Devices',5,'AD8009ARZ','mwinfield','2011-04-07 07:02:23','A','',1),(180,101,21,'Capacitor, Cer, 1000pF+-5%, 50V, NPO, 0603',107,'06035A102JAT2A','mwinfield','2011-04-14 05:05:57','A','',1),(181,103,30,'Resistor, SMT, TKF, 49.9 ohm +-1%,1/8W, 0805, ERJ-6ENF49R9V',15,'ERJ-6ENF49R9V','olipkind','2004-02-04 11:17:27','A','',1),(182,103,31,'Resistor SMT, TKF, 301 ohm +-1%, 1/8W, 0805',14,'ERJ-6ENF3010V','mwinfield','2012-01-09 14:45:12','A','',1),(183,103,32,'Resistor SMT, TKF, 33.2 ohm +-1%, 1/8W, 0805, ERJ-6ENF33R2V',15,'ERJ-6ENF33R2V','olipkind','2004-02-04 11:36:40','A','',1),(184,121,27,'D-SUB Connector, HD-20 Series, 37 pins, Receptacle, Vertical PCB, Post Length 0.188\", AMP, 745189-7',25,'745189-7','bwoo','2004-02-09 18:17:27','A','',1),(185,121,28,'4 - Header, Vertical PCB, 20Amps, DF22 Series, Standard Polarizing, Hirose Electric, DF22-4P-7.92DSA',43,'DF22-4P-7.92DSA','bwoo','2004-02-09 19:02:55','A','',1),(186,203,8,'WSHR, BLVLE, 3.524\"OD, 2.597\"ID, .0633\"H, INCONEL',44,'6011','oshulepov','2004-02-10 11:53:50','A','Material INCONEL X750',1),(187,210,1,'RNG, RTNG, EXT 2.5\", SST',3,'91590A168','oshulepov','2004-02-10 11:59:08','A','TYPE PH 15-7 MO SST',1),(188,211,1,'INSERT, THREADED, BLIND, 10-32, X .438 LG, BRASS',45,'BB1032-6','dhaigh','2004-02-10 14:13:57','A','',1),(189,101,22,'Cap., Cer. SMT, 3pF, 50V, +-0.25pf, NPO, 0402',39,'GRM1555C1H3R0CZ01D','mwinfield','2011-04-14 13:02:11','A','',1),(190,200,5,'SCR, SCH, 1/4-20 X 3.00L, 18-8 SST',3,'92196A554','oshulepov','2004-02-18 12:04:00','A','',1),(191,204,4,'PIN, DWL, 3/16 DIA X 1/2 LG, 18-8 SST',3,'90145A505','oshulepov','2004-02-18 12:30:29','A','',1),(192,208,6,'2.75 OD X 1.5 ID X .065 FLANGE ROT',34,'F02750150RC4','oshulepov','2004-02-26 08:35:30','A','304L SST',1),(193,208,7,'2.75 OD X 1.0 ID X .065 FLANGE ROT',34,'F02750100RC4','oshulepov','2004-02-26 09:55:51','A','304L SST',1),(194,208,8,'2.75 OD X 1.0 ID X .065 FLANGE NONROT',34,'F02750100NC4B','oshulepov','2004-02-26 09:54:35','A','304L SST',1),(195,119,6,'Low Pass Filter VLF-1700, DC-1700 MHz, case FF704',17,'VLF-1700','olipkind','2004-02-26 13:09:45','A','',1),(196,121,29,'ADAPTER, R/A, SMA (M-F), AU PL',58,'142-0901-941','mwinfield','2004-04-22 08:46:10','A','',1),(197,121,30,'ADAPTER,BLKHD,SMA(F-F), PASSIVATED SS',19,'901-9209-ASF','mwinfield','2004-04-27 10:43:29','A','',1),(263,208,15,'2.75 OD X .75 ID X .035 FLANGE ROT',34,'F02750075NC4B','oshulepov','2004-04-13 10:13:19','A','',1),(198,125,4,'POWER SPLITTER, 0.01-30 MHz, 32-WAY, SMA CONN.',35,'P32-01-457/1S','mwinfield','2004-04-07 08:48:07','A','',1),(199,125,5,'POWER SPLITTER, 8-WAY, 2-250MHz, SMA CONN.',49,'ZCSC-8-1','mwinfield','2004-04-07 08:47:05','A','',1),(200,127,2,'AMPLIFIER, .01-1.0GHz, G=20 dB, O.P.(1dB)=20dBm, SMA, +15VDC, MTG BRKT.',49,'ZFL-1000VHB','mwinfield','2004-04-07 08:49:19','A','',1),(201,127,3,'AMPLIFIER, .01-1.0GHz, G=26 dB, O.P.(1dB)=25dBm, SMA, +15VDC, MTG BRKT.',49,'ZFL-1000VH2B','mwinfield','2004-04-07 08:50:18','A','',1),(261,200,15,'SCR, PHD, #4-40 X .3125L, SST',3,'91772A107','mwinfield','2004-04-06 17:01:35','A','',1),(202,126,5,'CABLE ASSY, COAX, HAND FORMABLE, .086 O.D., SMA(M) STR-STR, L= 2 IN.',46,'1-3636-600-5202','mwinfield','2004-04-07 08:08:14','A','',1),(203,126,6,'CABLE ASSY, COAX, HAND FORMABLE, .085 O.D., SMA(M) STR-STR, L= 3 IN.',160,'P1-SMAP/SMAP-085CJ-3','mwinfield','2007-05-24 11:30:35','A','',1),(204,126,7,'CABLE ASSY, COAX, HAND FORMABLE, .085 O.D., SMA(M) STR-STR, L= 4 IN.',160,'P1-SMAP/SMAP-085CJ-4','mwinfield','2007-05-24 11:31:48','A','',1),(205,126,8,'CABLE ASSY, COAX, HAND FORMABLE, .085 O.D., SMA(M) STR-STR, L=5 IN.',160,'P1-SMAP/SMAP-085CJ-5','mwinfield','2007-06-04 13:09:59','A','',1),(206,126,9,'CABLE ASSY, COAX, HAND FORMABLE, .085 O.D., SMA(M) STR-STR, L= 6 IN.',160,'P1-SMAP/SMAP-085CJ-6','mwinfield','2007-05-24 12:47:17','A','',1),(207,201,9,'NUT, HEX, 1/2-13UNC, 3/4WD, 5/16THK, 18-8 SST',3,'91847A520','oshulepov','2004-03-02 15:15:25','A','THIN (JAM) NUT',1),(208,209,8,'3/8\" TUBE- 1/4 NPT MALE CONNECTOR',47,'SS-600-1-4','oshulepov','2004-03-12 16:01:21','A','',1),(209,209,9,'3/4\" TUBE - 3/4 NPT MALE CONNECTOR',47,'SS-1210-1-12','oshulepov','2004-03-12 16:08:59','A','',1),(210,209,10,'3/8\" TUBE UNION TEE CONNECTOR',47,'SS-600-3','oshulepov','2004-03-13 13:06:49','A','',1),(211,208,9,'2.75 OD X 1.5 ID X .065 FLANGE NONROT',34,'F02750150NC4','oshulepov','2004-03-15 15:22:02','A','',1),(212,208,10,'2.75 OD X 1.5 ID X .065 FLANGE NONROT TAPPED',34,'F02750150NT4','oshulepov','2004-03-15 15:39:27','A','',1),(213,200,6,'SCR, SHC, 1/4-20 X 3.5 L, SST',3,'92196A556','dhaigh','2004-03-16 20:24:53','A','',1),(214,204,5,'PIN, ROUND, .25\" HD, .1875\" SHANK',4,'cl-1-rp','dhaigh','2004-03-16 20:26:39','A','',1),(215,204,6,'PIN, ROUND, .25\" HD, .1875\" SHANK',4,'CL-1-DPX','dhaigh','2004-03-16 20:28:17','A','',1),(216,204,7,'BUSHING, .2500 ID, 7/16 OD, 1/2 L, STL',4,'P-28-8-2500','dhaigh','2004-03-16 20:30:06','A','',1),(217,209,11,'3/8\" TUBE - 1/4 NPT ELBOW MALE CONNECTOR',47,'SS-600-2-4','oshulepov','2004-03-18 17:34:03','A','',1),(218,200,7,'SCR, SHC, #4-40 X .50 L, SST',3,'92196A110','oshulepov','2004-03-20 10:39:13','A','',1),(219,203,9,'WSHR, FLT, #4, 1/4OD, 1/8ID, .017 THK, SST',3,'98019A309','oshulepov','2004-03-20 10:57:22','A','',1),(220,200,8,'SCR, SCH, #4-40 X .25 L, SST',3,'92196A106','oshulepov','2004-03-20 11:01:59','A','',1),(221,200,9,'SCR, 12PNT, 1/4-28 X 1.25 L, SILPL',34,'FB0275C12S','oshulepov','2004-03-20 11:17:21','A','',1),(222,212,1,'GSKT, CU, 2.75OD X 1.5ID',34,'FG0275CI','oshulepov','2004-03-20 11:24:32','A','',1),(223,208,11,'2.75 OD BLANK FLANGE NONROT',34,'F02750000NC4','oshulepov','2004-03-23 09:09:15','A','',1),(224,208,12,'2.75 OD BLANK FLANGE ROT',34,'F02750000RC4','oshulepov','2004-03-23 09:11:17','A','',1),(225,208,13,'4.5OD X 1.5ID FLANGE NONROT',34,'F04500150NC4','oshulepov','2004-03-29 11:08:17','A','304L SST',1),(226,210,2,'RNG, RTNG, EXT 1.5\", SST',3,'91590A139','oshulepov','2004-03-29 11:35:07','A','TYPE PH 15-7 MO SST',1),(227,208,14,'4.5 OD FLANGE BLANK NONROT',34,'F04500000NC4','oshulepov','2004-04-05 15:18:49','A','',1),(228,300,1,'Turning Prism',48,'EAL RAP10','mgifford','2004-04-06 09:53:48','A','10x10x8 Rt angl w/enhanced Al coat.',1),(229,118,3,'TERMINATION,50 OHM, SMA-M, DC-12 GHz',49,'ANNE-50L','mwinfield','2004-04-06 10:31:27','A','',1),(230,213,1,'BASIC CASE, 1U, 19\" Type 10, 240mm',50,'10-01183-00','mwinfield','2004-04-06 13:00:58','A','',1),(231,213,2,'MOUNTING CHASSIS, 240 MM',50,'10-144','mwinfield','2004-04-06 13:03:21','A','',1),(232,213,3,'REAR PANEL, 1U',50,'10-106-50','mwinfield','2004-04-06 13:03:41','A','',1),(233,201,10,'NUT, HEX M4, 100PCS./PKG',50,'1907-20','mwinfield','2004-04-06 13:08:24','A','',1),(234,213,4,' SECURE RING, 100 PCS./PKG.',50,'63-007','mwinfield','2004-04-06 13:04:17','A','',1),(235,200,10,'SCR.,RND HD,M4 x 6, 100 PCS./PKG',50,'1910-18','mwinfield','2004-04-06 13:12:45','A','',1),(236,200,11,'SCR.,RND HD, M4 x 10, 100 PCS./PKG',50,'1906-24','mwinfield','2004-04-06 13:12:26','A','',1),(237,200,12,'SCR, PHD, #2-56 X  .75L, SST',3,'91772A084','mwinfield','2004-05-11 08:19:44','A','',1),(238,200,13,'SCR, PHD, #4-40 X .75L, SST',3,'91772A113','mwinfield','2004-04-06 11:30:01','A','',1),(239,200,14,'SCR, PHD, #6-32 X .625L, SST',3,'91772A150','mwinfield','2004-04-06 11:31:10','A','',1),(240,201,11,'NUT,HEX, 2-56, 5/32 WDF, 18-8 SST',3,'90730A003','mwinfield','2004-04-06 11:33:55','A','',1),(241,201,12,'NUT,HEX, 4-40, 3/16 WDF, 18-8 SST',3,'90730A005','mwinfield','2004-05-11 09:00:08','A','',1),(242,201,13,'NUT,HEX, 6-32, 1/4 WDF, 18-8 SST',3,'90730A007','mwinfield','2004-04-06 11:36:09','A','',1),(243,203,10,'WSHR, FLT ,#2, .089 ID, .149 OD, .014 THK,18-8 SST',3,'90945A705','mwinfield','2004-04-06 11:57:40','A','',1),(244,203,11,'WSHR, FLT ,#4, .115 ID, .209 OD, .029 THK,18-8 SST',3,'90945A711','mwinfield','2004-04-06 11:59:13','A','',1),(245,203,12,'WSHR, FLT ,#6, .143 ID, .267 OD, .029 THK,18-8 SST',3,'90945A716','mwinfield','2004-04-06 12:00:40','A','',1),(246,203,13,'WSHR, SPLK, #2, .094 ID, .172OD, .02 THK, 18-8 SST',3,' 91475A015','mwinfield','2004-04-27 10:10:54','A','',1),(247,203,14,'WSHR, SPLK, #4, .120 ID, .209OD, .025 THK, 18-8 SST',3,'91475A018','mwinfield','2004-04-27 10:06:55','A','',1),(248,203,15,'WSHR, SPLK, #6, .148 ID, .25OD, .031 THK, 18-8 SST',3,'91475A020','mwinfield','2004-04-27 10:16:44','A','',1),(249,121,31,'D-SUB CONN, HD-20 SERIES, 9 POS, PINS, SOLDER CUP TERM.',25,'747904-4','mwinfield','2004-04-07 08:19:29','A','',1),(250,118,4,'KIT, SCREWLOCK, FEMALE, .312L THD, AMPLIMITE HD-20',25,'205817-8','mwinfield','2004-07-27 08:01:22','A','',1),(251,128,1,'WIRE, HOOKUP, 22AWG,STRND 19/34,TFE INS.,BLACK, 100FT. RL',51,'5855 BK005','mwinfield','2004-05-07 13:19:09','A','',1),(252,128,2,'WIRE, HOOKUP, 22AWG,STRND 19/34,TFE INS.,RED, 100FT. RL',51,'5855 RD005','mwinfield','2004-05-07 13:20:40','A','',1),(253,128,3,'WIRE, HOOKUP, 22AWG,STRND 19/34,TFE INS.,ORANGE, 100FT. RL',51,'5855 OR005','mwinfield','2004-05-07 13:18:34','A','',1),(254,128,4,'WIRE, HOOKUP, 22AWG,STRND 19/34,TFE INS.,VIOLET, 100FT. RL',51,'5855 VI005','mwinfield','2004-05-07 13:18:21','A','',1),(255,129,1,'ATTENUATOR, DC-6 GHz, SMA(M-F), 3dB',49,'VAT-3','mwinfield','2004-04-06 16:19:29','A','',1),(256,129,2,'ATTENUATOR, DC-6 GHz, SMA(M-F), 6dB',49,'VAT-6','mwinfield','2004-04-06 16:20:34','A','',1),(257,129,3,'ATTENUATOR, DC-6 GHz, SMA(M-F), 10dB',49,'VAT-10','mwinfield','2004-04-06 16:21:09','A','',1),(258,129,4,'ATTENUATOR, DC-6 GHz, SMA(M-F), 20dB',51,'VAT-20','mwinfield','2004-04-06 16:21:50','A','',1),(259,126,10,'CABLE ASSY, COAX, HAND FORMABLE, .141 O.D., SMA(M) STR-STR, L= 6 IN.',160,'P1-SMAP/SMAP-141CJ-6','mwinfield','2007-05-24 12:48:06','A','',1),(260,126,11,'CABLE ASSY, COAX, HAND FORMABLE, .141 O.D., SMA(M) STR-STR, L= 8 IN',160,'P1-SMAP/SMAP-141CJ-8','mwinfield','2007-05-24 12:53:13','A','',1),(262,200,16,'SCR, PHD, #2-56 X .25L, SST',3,'91772A077','mwinfield','2004-04-06 17:14:32','A','',1),(264,200,17,'SCR,SCH,.25-20 X 2LG, SST',3,'92196a550','dhaigh','2004-04-13 21:37:30','A','',1),(265,200,18,'SCR,SCH,.25-20 X 2.5LG, SST',3,'92196a552','dhaigh','2004-04-13 21:38:29','A','',1),(266,204,8,'PIN, DOWEL,.125\" DIA X .5 LG, SST',3,'90145a471','dhaigh','2004-04-13 21:39:49','A','',1),(267,208,16,'3.375 OD X 2.0 ID FLANGE ROT',34,'F03380200RC4','oshulepov','2004-04-14 08:21:54','A','',1),(268,208,17,'3.375 OD X 2.0 ID FLANGE NONROT',34,'F03380200NC4','oshulepov','2004-04-14 08:23:06','A','',1),(269,208,18,'3.375 OD FLANGE BLANK ROT',34,'F03380000RC4','oshulepov','2004-04-14 08:24:51','A','',1),(270,212,2,'GSKT, CU, 3.375 OD X 2.0 ID',34,'FG0338CI','oshulepov','2004-04-15 13:37:07','A','',1),(271,200,19,'SCR, 12PNT, 5/16-24 X 1.75 L, SILPL',34,'FB0338C12S','oshulepov','2004-04-15 14:28:58','A','',1),(272,208,19,'2.75 OD X .75 ID X .035 FLANGE NONROT',34,'F02750075NC4B','oshulepov','2004-04-15 18:47:36','A','',1),(273,112,1,'MOSFET, DE475-102N20A, Vdss(1000V), Idc(20A), Rds(0.6ohm), Pdc(1800W), Directed Energy INC. (IXYS Company)',52,'DE475-102N20A','bwoo','2004-04-16 09:51:30','A','',1),(274,107,26,'Driver MOSFET, DEIC420, Directed Energy, Inc.  (IXYS Company)',52,'DEIC420','bwoo','2004-04-16 09:54:54','A','',1),(275,113,4,'Diode, GS150T_25120, Schottky Rectifier, Idc(10A), Vrrm(250V), Cj(18pf), Directed Energy Inc.',52,'GS150T_25120','bwoo','2004-04-20 14:17:06','A','we can use,\"A\", \"I\", or \"C\"',1),(276,101,23,'Cap., Cer., SMT, 470pF, 20%, 3KVdc, X7R, 1808',53,'302R29W471MV4','mwinfield','2011-04-15 12:51:10','A','',1),(277,101,24,'Cap., Cer., SMT, 150pF, 10%, 3KVdc, NPO, 1808',53,'302R29N151KV4','mwinfield','2011-04-15 12:44:10','A','',1),(278,105,3,'Inductor, 100uH, 30%, 0.54A, 0.535 ohm,  SMD, Sumida, CDRH6D28-101NC',54,'CDRH6D28-101NC','bwoo','2004-04-16 11:15:51','A','',1),(279,101,25,'Cap, Tantalum, 4.7uF, 20%, 20V, 3216',107,'TAJA475K020R','mwinfield','2011-04-15 06:24:57','A','',1),(280,101,26,'Cap., Tantalum, 10uF, 20%, 20V, 3528, Panasonic, ECS-T1DX106R',15,'ECS-T1DX106R','bwoo','2004-04-16 13:49:08','D','',1),(281,103,33,'Resistor, 0.22ohm, 1%,  0.5W, 1206, Panasonic, ERJ-8RQFR22V',15,'ERJ-8RQFR22V','mwinfield','2005-07-12 13:35:46','A','',1),(282,103,34,'Resistor, 49.9 ohm,  1% , 1/4W,1206, Panasonic, ERJ-8ENF49R9V',15,'ERJ-8ENF49R9V','bwoo','2011-02-14 09:07:16','A','',1),(283,208,20,'3.375 OD X 1.5 ID FLANGE ROT',34,'F03380150RC4','oshulepov','2004-04-19 08:33:46','A','',1),(284,103,35,'Resistor, 150 ohm, 1%, 1/8 W, 0805',14,'ERJ-6ENF1500V','mwinfield','2011-04-07 12:54:44','A','',1),(285,103,36,'Resistor, 43.2 ohm, 1%, 1/8W, 0805, ERJ-6ENF43R2V',15,'ERJ_6ENF43R2V','olipkind','2004-04-19 09:52:27','A','',1),(286,103,37,'Resistor 392 ohm, 1%, 1/8W, 0805, ERJ-6ENF3920V',15,'ERJ-6ENF3920V','olipkind','2004-04-19 09:53:13','A','',1),(287,103,38,'Resistor 301 ohm, 1%, 1/8W , 0805, ERJ-6ENF3010V',15,'ERJ-6ENF3010V','olipkind','2004-04-19 09:53:44','D','',1),(288,103,39,'Resistor 15.4 ohm, 1%, 1/8W, 0805, ERJ-6ENF15R4V',15,'ERJ-6ENF15R4V','olipkind','2004-04-19 09:54:16','A','',1),(289,103,40,'Resistor 402 ohm, 1%, 1/8W, 0805, ERJ-6ENF4020V',15,'ERJ-6ENF4020V','olipkind','2004-04-19 10:13:34','A','',1),(290,107,27,'OPAMP THS4211D, Low-distortion, high-speed, voltage feedback , SO-8, Texas Instruments',8,'THS4211D','olipkind','2004-04-19 10:27:43','A','',1),(291,122,5,'Osc., 16.250MHZ, Programmable Crystal Oscillator, EPSON, SG-8002JA-PTB, Programmed by Digi-Key',55,'SG-8002JA-PTB','mwinfield','2005-10-11 15:43:43','A','Digikey(SG-8002JA-PTC-ND)',1),(292,129,5,'ATTENUATOR,DIGITAL STEP, 6-BIT,TTL,10-1000MHZ,31.5DB, SMA',49,'ZSAT-31R5','mwinfield','2004-04-20 11:22:19','A','',1),(293,121,32,'  D-SUB CONN, HD-20 SERIES,15 POS, PINS, SOLDER CUP TERM.',25,'747908-4','mwinfield','2004-04-20 12:05:56','A','',1),(294,128,5,'WIRE, HOOKUP, 22AWG,STRND 19/34,TFE INS.,WHITE, 100FT. RL',51,'5855 WH005','mwinfield','2004-05-07 13:18:08','A','',1),(295,200,20,'SCR, SCH, #4-40 X .75LG, SST',3,'92196A113','oshulepov','2004-04-20 13:51:32','A','',1),(296,130,1,'PWR SUPPLY,8VDC@14.7A,90-265 VAC IN,SWITCHING,SNGL OUTPUT',56,'W8NT1470','mwinfield','2004-04-20 15:25:45','A','',1),(297,130,2,'PWR SUPPLY,15VDC@4A, 85-264VAC IN,SWITCHING,SNGL OUTPUT',57,'S 60-15','mwinfield','2004-04-20 15:24:44','A','',1),(298,121,33,'ADAPTER,SMA(M)-SMA(M),AU PL,0.875L,DC-18GHZ',49,'SM-SM50+','mwinfield','2007-09-18 08:55:53','A','',1),(299,103,41,'Resistor 174 ohm, 1%, 1/8W, 0805, Panasonic ERJ-6ENF1740V',15,'ERJ-6ENF1740V','olipkind','2004-04-22 15:16:33','A','',1),(300,121,34,'Connector SMB, Right Angle Plug receptacle, gold plated, Johnson',58,'131-1701-371','olipkind','2004-04-29 16:44:17','A','',1),(301,107,28,'comparator LMV761MA, SOIC-8, 0.3mV offset, National',6,'LMV761MA','olipkind','2004-04-26 17:46:01','A','',1),(302,200,21,'SCR, PHD, #6-32 X .75L, SST',3,'91772A151','mwinfield','2004-04-27 09:30:56','A','',1),(303,107,29,'Comparator LMV762MA, dual, 0.3mV offset, SOIC-8, National',6,'LMV762MA','olipkind','2004-04-27 09:34:45','A','',1),(304,200,22,'SCR, PHD, #6-32 X .3125L, SST',3,'91772A145','mwinfield','2004-04-27 09:37:24','D','',1),(305,107,30,'Analog switch MAX4762EUB, dual SPDT, 10uMAX',21,'MAX4762EUB','olipkind','2004-04-27 10:32:16','A','',1),(306,200,23,'SCR, PHD, #6-32 X .3125L, SST',3,'91772A145','mwinfield','2004-04-27 11:07:49','A','',1),(307,210,3,'RNG, RTNG, EXT 1-7/16\", SST',3,'91590A255','oshulepov','2004-04-27 16:11:54','A','',1),(308,214,1,'PLUG, PIPE, 3/4 NPT, SST',3,'4464K365','oshulepov','2004-04-30 09:26:21','A','',1),(309,107,31,'Ultrahigh speed Pin Driver AD53040KRP, SOIC-20, Analog Devices',5,'AD53040KRP','olipkind','2004-04-30 09:46:30','A','',1),(310,108,7,'Hex driver, MC74VHC04DR2, SOIC-14, ONSEMI',9,'MC74VHC04DR2','olipkind','2004-04-30 15:37:28','A','',1),(311,108,8,'Clock driver 1:9 MC10H645FN, ECLTTL, PLCC-28, ONSEMI',9,'MC10H645FN','olipkind','2004-04-30 15:52:18','A','',1),(312,131,1,'VDA-CS15 Variable Delay TTL buffered, ELMEC',59,'VDA-CS15','olipkind','2004-04-30 16:06:57','D','',1),(313,108,9,'5V TTLECL translator MC10ELT24D, SO-8, OMSEMI',9,'MC10ELT24D','olipkind','2004-04-30 17:23:35','A','',1),(314,103,42,'Res. SMT, 82.5 ohm, 1%, 1206, ERJ-8ENF82R5V',15,'ERJ-8ENF82R5V','olipkind','2004-05-03 10:38:46','A','',1),(315,103,43,'Res. SMT, 130 ohm, 1%, 1206, ERJ-8ENF1300V',15,'ERJ-8ENF1300V','olipkind','2004-05-03 10:40:12','A','',1),(316,103,44,'Resistor SMT, TKF, 60.4 ohm, 1%, 1206, 1/4W, ERJ-8ENF60R4V',15,'ERJ-8ENF60R4V','olipkind','2004-05-04 11:49:33','A','',1),(317,103,45,'Resistor SMT, TKF, 287 ohm, 1%, 1206, 1/4W, ERJ-8ENF2870V',15,'ERJ-8ENF2870V','olipkind','2004-05-04 11:51:05','A','',1),(318,103,46,'Resistor SMT, TKF, 76.8 ohm, 1%, 1206, 1/4W, ERJ-8ENF76R8V',15,'ERJ-8ENF76R8V','olipkind','2004-05-04 11:54:36','A','',1),(319,103,47,'Resistor SMT, TKF, 143 ohm, 1%, 1206, 1/4W, ERJ-8ENF1430V',15,'ERJ-8ENF1430V','olipkind','2004-05-04 11:54:09','A','',1),(320,132,1,'DIRECTIONAL COUPLER, 20DB, 2.0-4.0GHZ, SMA',35,'CS20-05-436/10','mwinfield','2004-05-06 13:12:20','A','',1),(321,132,2,'DIRECTIONAL COUPLER, 6DB, 2.0-4.0GHZ, SMA',35,'CS06-05-436/10','mwinfield','2004-05-06 13:14:26','A','',1),(322,125,6,'POWER SPLITTER, 2-WAY, 2.0-4.0GHZ, SMA',35,'PS2-10-450/8S','mwinfield','2004-05-06 14:14:15','A','',1),(323,133,1,'ISOLATOR, COAXIAL, CF=3.0GHZ, BW=200MHZ, SMA(M-F)',242,'FIC-03020320-02','mwinfield','2013-01-17 07:45:58','A','',1),(324,120,3,'PHASE SHIFTER, 360 DEG, VLTG. CNTL., 0-5VDC, CF=2856MHZ, BW-285MHZ, SMA(F)',61,'VP-360-2856-285-S','mwinfield','2004-09-01 15:54:13','A','',1),(325,129,6,'ATTENUATOR,VLTG. CNTL., 0-45 DB, 0-10VDC, CF=2856MHZ, BW=285MHZ, SMA(F)',61,'VA-45-2856-285-S','mwinfield','2004-09-01 15:58:37','A','',1),(326,134,1,'SWITCH, RF, REFLECTIVE, SP1T, 1.0-4.0 GHZ, TTL CTL., +/-5 VDC, SMA(F)',35,'SW1RD-14 SP1T','mwinfield','2004-05-06 13:41:47','A','',1),(327,132,3,'DIRECTIONAL COUPLER, 20DB, 0.5-100 MHZ, SMA',35,'C4-03-414','mwinfield','2004-05-06 13:48:35','A','',1),(328,133,2,'DIRECTIONAL COUPLER, 20DB, 1.0-2.0 GHZ, SMA',35,'CS20-03-436/7','mwinfield','2004-05-06 13:50:02','D','',1),(329,132,4,'DIRECTIONAL COUPLER, 20DB, 1.0-2.0 GHZ, SMA',35,'CS20-03-436/7','mwinfield','2004-05-06 14:07:40','A','',1),(330,130,3,'PWR SUPPLY,LINEAR REG., DUAL TRKG, +/-5VDC@150MA.',56,'DB5-15','mwinfield','2004-05-06 14:37:23','A','',1),(331,130,4,'PWR SUPPLY, LINEAR REG., 18VDC@2A, 110/220 VAC INPUT',56,'A12527','mwinfield','2004-05-06 14:36:01','A','',1),(332,118,5,'POWER ENTRY MODULE, 120/240VAC, FUSED, 3A, DPST SWITCH, FILTERED',62,'3EZLA2S','mwinfield','2004-05-07 14:04:05','D','',1),(333,213,5,'CASE, ELMA TYPE 15,4U  HT.,19\'\' W, 395MM D., FNT HNDLS, TOP CVR. AIR PERF.',50,'15A03444-31','mwinfield','2004-05-07 09:48:39','A','',1),(334,213,6,'MOUNTING CHASSIS, 345MM X 84 HP, ELMA TYPE 15 SMART',50,'15A109-01','mwinfield','2004-05-07 13:47:55','A','',1),(335,213,7,'GASKET, EMC, COVER WIDTH, 84 HP, ELMA TYPE 15 SMART',50,'63-836-35','mwinfield','2004-05-07 09:07:42','A','',1),(336,213,8,'GASKET, EMC, COVER DEPTH, 395MM, ELMA TYPE 15 SMART',50,'63-836-12','mwinfield','2004-05-07 09:09:11','A','',1),(337,213,9,'GASKET, EMC, REAR PANEL, ELMA TYPE 15 SMART',50,'63-836-80','mwinfield','2004-05-07 09:15:02','A','',1),(338,213,10,'PANEL, REAR, 4U HT., FOR 19\" CASE, ELMA TYPE 15 SMART',50,'21A484','mwinfield','2004-05-07 09:20:57','A','',1),(339,213,11,'PANEL, FRONT, SUPERIOR EMC, 4U HT., 84 HP W. w/ GASKETS',50,'21D484','mwinfield','2004-05-07 09:22:56','A','',1),(340,213,12,'FIXING MTRL KIT, w/ M2.5 x 11.3 RND HD SCR AND PRESS FIT BUSH., 2 x 10 PCS.',50,'63-444','mwinfield','2004-05-07 09:53:14','A','',1),(341,208,21,'2.125 OD X .75 ID X .035 FLANGE ROT',34,'F02120075RC4','oshulepov','2004-05-07 10:29:56','A','304L SST',1),(342,128,6,'WIRE, HOOKUP, 18AWG,STRND 19/30,TFE INS.,BLACK, 100FT. RL',51,'5857 BK005','mwinfield','2004-05-07 13:17:44','A','',1),(343,128,7,'WIRE, HOOKUP, 18AWG,STRND 19/30,TFE INS.,WHITE, 100FT. RL',51,'5857 WH005','mwinfield','2004-05-07 13:21:29','A','',1),(344,128,8,'WIRE, HOOKUP, 18AWG,STRND 19/30,TFE INS.,GREEN, 100FT. RL',51,'5857 GR005','mwinfield','2004-05-07 13:22:09','A','',1),(345,128,9,'WIRE, HOOKUP, 22AWG,STRND 19/34,TFE INS.,BROWN, 100FT. RL',51,'5855 BR005','mwinfield','2004-05-07 13:25:43','A','',1),(346,128,10,'WIRE, HOOKUP, 22AWG,STRND 19/34,TFE INS.,BLUE, 100FT. RL',51,'5855 BL005','mwinfield','2004-05-07 13:26:38','A','',1),(347,103,48,'Resistor SMT, TKF 10K+-1%, 0805, ERJ-6ENF1002V, Panasonic',15,'ERJ-6ENF1002V','olipkind','2004-05-07 14:03:29','A','',1),(348,126,12,'CABLE ASSY, COAX, HAND FORMABLE, .141 O.D., SMA(M) STR-STR, L= 5 IN',160,'P1-SMAP/SMAP-141CJ-5','mwinfield','2007-05-24 12:49:31','A','',1),(349,126,13,'CABLE ASSY, COAX, HAND FORMABLE, .141 O.D., SMA(M) STR-STR, L= 7 IN',160,'P1-SMAP/SMAP-141CJ-7','mwinfield','2007-05-24 12:50:14','A','',1),(350,126,14,' CABLE ASSY, COAX, HAND FORMABLE, .145 O.D., SMA(M) STR-STR, L= 10 IN',160,'P1-SMAP/SMAP-141CJ-10','mwinfield','2007-04-20 07:25:18','A','',1),(351,126,15,' CABLE ASSY, COAX, HAND FORMABLE, .145 O.D., SMA(M) STR-STR, L= 12 IN',0,'1-3636-601-5212','mwinfield','2007-04-20 07:24:01','A','',1),(352,200,24,'SCR, PHD, #2-56 X ..625L, SST',3,'91772A082','mwinfield','2004-05-10 16:53:32','A','',1),(353,200,25,'SCR, PHD, #4-40 X .25L, SST',3,'91772A106','mwinfield','2004-05-10 17:04:36','A','',1),(354,200,26,'SCR, PHD, #8-32 X .3125L, SST',3,'91772A191','mwinfield','2004-05-10 17:10:35','A','',1),(355,200,27,' SCR, PHD, #4-40 X .375L, SST',3,'91772A108','mwinfield','2004-05-10 17:14:00','A','',1),(356,103,49,'Resistor SMT, TKF 10 ohm +-1%, 2010, 1/2 W, ERJ-12SF10R0U, Panasonic',15,'ERJ-12SF10R0U','olipkind','2004-05-10 17:31:59','A','',1),(357,103,50,'Resistor SMT, TKF, 46.4 ohm +-1%, 2010, 1/2W, ERJ-12SF46R4U',15,'ERJ-12SF46R4U','olipkind','2006-05-30 13:33:18','A','',1),(358,215,1,'STANDOFF,HEX, FEM #4-40 THREAD, 0.5\"L, SST',3,'91115A164','mwinfield','2004-05-11 07:58:10','A','',1),(359,113,5,'LED LN1361C-(TR), GREEN, SMT, digi-key pn P504CT-ND',15,'LN1361C-(TR)','olipkind','2004-05-11 09:34:28','A','',1),(360,113,6,'LED LN1461C-(TR), SMT, AMBER, Panasonic, digi-key pn P512CT-ND',15,'LN1461C-(TR)','olipkind','2004-05-11 10:58:53','A','',1),(361,113,7,'LED LN1261CAL-(TR), SMT, Ultra Bright RED, Panasonic, (digi-key pn P513CT-ND)',15,'LN1261CAL-(TR)','olipkind','2004-05-11 10:59:22','A','',1),(362,113,8,'LED LN1861C_(TR), SMT, ORANGE, Panasonic, (digi-key pn P505CT-ND)',15,'LN1861C-(TR)','olipkind','2004-05-11 10:58:02','A','',1),(363,103,51,'Resistor 665 ohm, 1%, SMT , TKF, 1206, ERJ-8ENF6650V, Panasonic',15,'ERJ-8ENF6650V','olipkind','2004-05-11 18:03:09','A','',1),(364,103,52,'Resistor 1.21K, 1%, SMT, TKF, 1206, ERJ-8ENF1211V',15,'ERJ-8ENF1211V','olipkind','2004-05-11 18:07:15','A','',1),(365,131,2,'Variable delay DDU37F-40, 0-30ns, TTL buffered, data delay devices',63,'DDU37F-40','olipkind','2004-05-12 16:53:33','A','',1),(366,131,3,'Variable Delay DDU37F-70, 0-60ns, TTL buffered, data delay devices',63,'DDU37F-70','olipkind','2004-05-12 16:52:29','A','',1),(367,121,35,'Test Point 5004, Yellow, miniature, Keystone',22,'5004','olipkind','2004-05-14 12:04:44','A','',1),(368,121,36,'Connector D-sub, 9-pin, HD-20, Vertical, 0.228',25,'747091-2','mwinfield','2011-06-01 12:00:02','A','digi-key p/n A23118-ND',1),(1767,107,113,'AD8306AR, Logarithmic amplifier, SO-16, Analog Devices',5,'AD8306AR','olipkind','2011-06-20 14:02:49','A','',1),(369,121,37,'ADAPTER, SMA(M)-SMA(M), AU PL',58,'142-0901-811','mwinfield','2004-05-19 14:16:49','A','',1),(370,200,28,'SCR, SCH, #8-32 X .75 L, SILPL',34,'FB0133CS','oshulepov','2004-05-21 11:13:01','A','',1),(371,121,38,'D-SUB CONN, HD-20 SERIES,15 POS, SOCKETS, SOLDER CUP TERM.',25,'747909-2','mwinfield','2004-05-21 12:09:10','A','',1),(372,121,39,'2-Header, RT angle PCB, 0.100\"spc,  Shrouded  Locking, Molex, 70553-0001',28,'70553-0001','bwoo','2004-05-21 13:52:34','A','digi-key WM4900-ND',1),(373,121,40,'2 - Header, RT  PCB,  0.295\" spc, 5KV ac dielectric, Shrouded Locking, Molex, 43160-3102',28,'43160-3102','bwoo','2004-05-21 14:00:45','A','digi-key WM18488-ND',1),(374,121,41,'CONNECTOR, SMB, CABLE PLUG, 50 OHM, STR., RG-316',19,'903-370P-51S','mwinfield','2004-05-21 15:01:16','A','',1),(375,121,42,'CONNECTOR, BNC, CABLE PLUG, 50 OHM, MIL-CRIMP, RG-316',19,'31-315-RFX','mwinfield','2005-06-08 13:27:56','A','',1),(376,126,16,'CABLE, COAXIAL, DC-1000MHZ, RG316',95,'RG316-100','mwinfield','2005-06-08 13:38:25','A','',1),(377,103,53,'Resistor,SMT, TKF, 15 ohm, 1%, 1206, 1/4W, ERJ-8ENF15R0V',15,'ERJ-8ENF15R0V','bwoo','2004-05-21 15:11:24','A','',1),(378,131,4,'Programmable Delay Line PDH6500, 31.5ns range, 0.5ns resolution, ELMEC',59,'PDH6500','olipkind','2004-05-28 10:04:29','A','',1),(379,131,5,'Programmable Delay Line PDU16F-.5, 31.5ns range, 0.5ns resolution, TTL buffered, 6-Bit, Data Delay Devices',63,'PDU16F-.5','olipkind','2004-05-28 18:07:28','A','',1),(380,126,17,'CABLE ASSY, COAX, HAND FORMABLE, .141 O.D., SMA(M) STR-STR, L= 9 IN',160,'P1-SMAP/SMAP-141CJ-9','mwinfield','2007-05-24 12:51:24','A','',1),(381,216,1,'Circuit Board Shield S20-CBS-0.5-1.25-0.5,',65,'S20-CBS-0.5-1.25-0.2','olipkind','2004-06-08 16:27:52','A','width-0.5\", lenght- 1.25\", height-0.2\"',1),(382,215,2,'STANDOFF,HEX, M-F, #4-40 THREAD,5/16\"L, AL.',3,'93505A479','mwinfield','2004-06-10 10:17:39','A','',1),(383,108,10,'Quad 2-input multiplexer MC74AC157D',9,'MC74AC157D','olipkind','2004-06-10 13:50:43','A','',1),(384,213,13,'PANEL, FRONT, PLUG-IN UNIT, 3U X 6HP',50,'26N306','mwinfield','2004-06-10 14:08:23','A','',1),(385,213,14,'FIXING MTRL KIT, w/ M2.5 x 11.3 MILLED EDGE SLTD SCR, PRESS FIT BUSH., 2 x 10 PCS.',50,'63-443','mwinfield','2004-06-10 14:09:15','A','',1),(386,200,29,'SCR, RND HD, M2.5 X 5, TUFLOCK COATED',50,'5306-01','mwinfield','2004-06-10 14:02:38','A','',1),(387,108,11,'Timer LM555CM, SOIC-8, National',6,'LM555CM','olipkind','2004-06-10 17:39:49','A','',1),(388,101,27,'Cap SMT, 150pF+-5%, 50V, NPO, 0805',107,'08055A151JAT2A','mwinfield','2011-04-14 06:23:01','A','',1),(389,126,18,'CABLE ASSY, COAX, HAND FORMABLE, .086 O.D., SMA(M) STR-STR, L= 8 IN.',160,'P1-SMAP/SMAP-085CJ-8','mwinfield','2007-05-24 12:52:13','A','',1),(390,107,32,'Analog Switch MAX4652ESE, quad, SO-16, 4ohm on resistance, Maxim',21,'MAX4652ESE','olipkind','2004-06-21 15:42:28','A','',1),(391,101,28,'Cap., Cer., 15pF+-5%, 100V, 0805, MICA',114,'MC08EA150J-F','mwinfield','2011-04-14 06:26:35','A','',1),(1758,101,106,'CAP, SMT, MICA, 240pF, 100V, 5%, 1210',114,'MC12FA241J-F','mwinfield','2011-04-14 11:44:30','A','',1),(392,121,43,'4 Header, RT Angle PCB, Shrouded Locking, 0.100\" Spc',28,'70553-0003','bwoo','2004-08-02 10:34:13','A','',1),(393,105,4,'Licker Magnet winding, 0.5mm thickness, 2cm width copper',1,'','olipkind','2004-06-21 18:54:08','A','',1),(394,217,1,'90 DEG ELBOW WITH TANGENT 1\" O.D. X .065 WALL',66,'1002390WT100','dhaigh','2004-06-23 14:51:42','A','',1),(395,217,2,'TUBING STRAIGHT, 1\"O.D. X .065 WALL',66,'100314303','dhaigh','2004-06-23 14:54:04','A','',1),(396,107,33,'Negative voltage regulator LT337T, TO-220, National',6,'LT337T','olipkind','2004-06-23 17:16:08','A','',1),(397,103,54,'Res., SMT, TKF, 75 ohm +-1%, 1206, Panasonic ERJ-8ENF75R0V',15,'ERJ-8ENF75R0V','olipkind','2004-06-23 17:32:13','A','',1),(398,103,55,'Res., SMT, TKF, 120 ohm +-1%, 1206, Panasonic ERJ-8ENF1210V',15,'ERJ-8ENF1210V','olipkind','2004-06-23 17:35:50','A','',1),(399,200,30,'SCR, SCH, 1/4-20 X 1.25L, 18-8 SST',3,'92196A544','oshulepov','2004-07-09 11:40:37','A','',1),(400,200,31,'SCR, PHD, #6-32 X .375L, SST',3,'91772A146','mwinfield','2004-07-13 14:46:54','A','',1),(401,200,32,'SCR, PHD, #6-32 X .4375L, SST',3,'91772A149','mwinfield','2004-07-13 15:36:32','A','',1),(402,200,33,'scr, sch, #8-32 x .5 lg, black oxide steel',3,'91251a194','dhaigh','2004-07-23 15:22:24','A','',1),(403,200,34,'scr, sch, #10-24 x 1.5 lg black oxide steel',3,'91251a251','dhaigh','2004-07-23 15:23:40','A','',1),(404,200,35,'scr, sch, .25-20 x .5 lg black oxide steel',3,'91251a537','dhaigh','2004-07-23 15:24:55','A','',1),(405,200,36,'scr, sch, .25-20 x 3.5 lg, black oxide steel',3,'91251a537','dhaigh','2004-07-23 15:26:11','A','',1),(406,204,9,'pin, dwl, 1/8 dia x .5 lg, hardend steel',3,'98381a419','dhaigh','2004-07-23 15:27:36','A','',1),(407,118,6,'KIT, SCREWLOCK, FEMALE, .560L THD, AMPLIMITE HD-20',25,'207719-3','mwinfield','2004-07-27 08:03:02','A','',1),(408,211,2,'INSERT, THD, #4-40 X .234L, 18-8SST',3,'92398A112','oshulepov','2004-07-27 15:31:05','A','THREADED INSERT FOR PLASTICS',1),(409,121,44,'SMB Jack, PCB vertical, gold plated, Amphenol, 903-409J-53P',19,'903-409J-53P','olipkind','2004-07-28 09:14:51','A','',1),(410,121,45,'SMB plug, straight , gold plated, amphenol 413985-1',19,'413985-1','olipkind','2004-07-28 17:00:47','A','',1),(411,131,6,'VDA-CS15, 0-15 ns, high speed buffered variable delay line, elmec',59,'VDA-CS15','olipkind','2004-08-02 09:42:01','A','',1),(412,131,7,'VDA-CS15, variable buffered TTL delay line, 0-15 ns, ELMEC',59,'VDA-CS15','olipkind','2004-08-02 09:47:37','A','',1),(413,121,46,'10 Header, RT Angle PCB, Shrouded Locking, 0.100\" Spc',28,'70553-0009','bwoo','2004-08-02 10:37:22','A','',1),(414,131,8,'VDA-ES15, variable buffered ECL delay line, 0-15 ns, ECMEC',59,'VDA-ES15','olipkind','2004-08-02 11:51:53','A','',1),(415,101,29,'Cap, HV, cer., 56pF, 5%, 2KV, SMT, NPO, 1808',53,'202R29N560JV4','mwinfield','2011-04-15 12:56:09','A','',1),(416,101,30,'Cap, HV, Cer., SMT, 560pF+-5%, 2KV, NPO, 1808',53,'202R29N561JV4','mwinfield','2011-04-15 12:53:52','A','',1),(417,103,56,'Res., TKF, 13 ohm +-1%, 1206, 1/4w, ERJ-8ENF13R0V',15,'','olipkind','2004-08-04 16:30:38','A','',1),(418,107,34,'LMV7219M5, High-speed, single comarator, SOT23-5, National',6,'LMV7219M5','olipkind','2004-08-05 11:40:23','A','',1),(419,101,31,'Cap., Tant., 2.2 uFx10V, 20%, SMT, 1206 (3216 Metric)',197,'F931A225MAA','mwinfield','2011-04-14 07:19:10','A','',1),(420,108,12,'Monostable multivibrators, dual retriggable, SN74AHCT123AD',8,'SN74AHCT123AD','olipkind','2004-08-05 16:13:34','A','',1),(421,105,5,'Ferrite bead, SMT, BDS 4.6/3/8.9 -4S2, 100 ohm at 100 MHz, Ferroxcube',67,'BDS 4.6/3/8.9-4S2','olipkind','2004-08-11 15:21:20','A','',1),(422,105,6,'Kicker diagnostic coil, PCB, 10 mm^2',68,'?','olipkind','2004-08-11 16:02:14','A','',1),(423,211,3,'INSERT, THD, 1/4-20 X .25 L, 18-8 SST',3,'91732A368','oshulepov','2004-08-16 15:18:19','A','Heli-coil insert',1),(424,200,37,'SCR, SCH, .25-20 X .375 LG, 18-8 SST',3,'92196A535','oshulepov','2004-08-16 16:43:48','A','',1),(425,202,2,'SSCR, 3/8-24 X .375 LG, 18-8 SST',3,'92311A635','oshulepov','2004-08-16 17:17:59','A','',1),(426,211,4,'INSERT, THD, #8-32 X .246 L, 18-8 SST',3,'91732A287','oshulepov','2004-08-17 09:20:13','A','Heli-coil insert',1),(427,200,38,'SCR,SCH. .25-20 X 1L, SST',3,'92196A542','dhaigh','2004-08-17 11:43:17','A','',1),(428,121,47,'10 Header, RT Angle PCB, Shrouded Locking, 0.118\"Spc',28,'43045-1000','bwoo','2004-08-18 16:03:41','A','',1),(429,121,48,'10 Header, VT PCB, Shrouded Locking, 0.118\" Spc',28,'43405-1014','bwoo','2004-08-18 16:13:37','A','',1),(430,103,57,'Resistor, SMT, TKF, 40.2 ohm+-1%, 1206, 1/4W, Panasonic, ERJ-8ENF40R2V',15,'ERJ-8ENF40R2V','olipkind','2004-08-19 17:33:36','A','',1),(431,200,39,'SCR, SCH, #8-32 X .75 LG, 18-8 SST',3,'92196A197','oshulepov','2004-08-23 17:40:53','A','',1),(432,121,49,'Straight Jack Receptacle, vert PCB, gold plated, 142-0701-231, Johnson Components',58,'142-0701-231','olipkind','2004-09-01 14:43:14','A','',1),(433,132,5,'DIRECTIONAL COUPLER, 6DB, 1-100 MHZ, SMA',35,'C0-03-414','mwinfield','2004-09-01 15:47:03','A','',1),(434,120,4,'PHASE SHIFTER, 360 DEG, VLTG. CNTL., 0-5 VDC, CF=1428MHZ, BW-142.8MHZ, SMA(F)',61,'VP-360-1428-142.8-S','mwinfield','2004-09-01 15:53:51','A','',1),(435,129,7,'ATTENUATOR,VLTG. CNTL., 0-45 DB, 0-5VDC, CF=1428MHZ, BW=142.8MHZ, SMA(F)',61,'VA-45-1428-142.8-S','mwinfield','2006-02-17 15:43:07','A','',1),(436,133,3,'ISOLATOR, COAXIAL, CF=1.5GHZ, BW=200MHZ, SMA(F)',69,'0150IAS','mwinfield','2004-09-01 16:05:49','A','',1),(437,121,50,'Connector, Receptacle assembly, shielded, vertical 68 pins, amplimite, .050 series, Amp p/n 749070-7, digikey pn A237742-ND',25,'749070-7','mwinfield','2011-06-01 11:45:08','A','',1),(438,217,3,'CROSS 4 WAY, 1.50in OD, .065 W 304 SST',34,'WC4150','oshulepov','2004-09-07 09:54:52','A','',1),(439,121,51,'D-SUB conn.,  HD-20, Plug 37 Pos AU flash, solder cup',25,'747916-2','mwinfield','2011-06-01 11:45:33','A','',1),(440,121,52,'D-SUB, Receptacle solder cup, HD-20, 37 Pos, AU flash',25,'747917-2','mwinfield','2011-06-01 11:45:56','A','',1),(441,121,53,'Miniature H.V. Receptacle, Newark p/n 39F1321',70,'39F1321','olipkind','2004-09-10 10:53:13','A','',1),(442,121,54,'D-SUB, Plug, 37 Pos, Vert, PCB',25,'745413-1','mwinfield','2011-06-01 11:46:39','A','',1),(443,121,55,'D-SUB, Plug, 15 Pos, Vert',25,'747872-8','mwinfield','2011-06-01 11:47:00','A','',1),(444,121,56,'D-SUB CONN, FILTERED,4000PF, 15 POSITION, PINS, SOLDER CUP TERM.',71,'56-711-015','mwinfield','2009-09-28 14:20:23','A','',1),(445,122,6,'OSCILLATOR,COAXIAL RESONATOR, 1411.75MHZ, +7DBM, +15VDC, SMA(f)',31,'CRO-1338','mwinfield','2004-09-15 08:44:17','A','',1),(446,122,7,'OSCILLATOR,COAXIAL RESONATOR, 2839.75MHZ, +7DBM, +15VDC, SMA(f)',31,'CRO-2345','mwinfield','2004-09-15 08:55:07','A','',1),(447,125,7,'POWER SPLITTER, 16-WAY, CF=2856MHZ +/-100MHZ, SMA(f)',35,'PS16-A27-456/1S','mwinfield','2004-09-15 09:02:02','A','',1),(448,125,8,'POWER SPLITTER, 6-WAY, 1.0-2.0GHZ, SMA(f)',35,'PS6-04-434/2S','mwinfield','2004-09-15 09:12:07','A','',1),(449,127,4,'AMPLIFIER, RF, 2-8 GHZ, G=20dB, O.P.=+20dBM, NF=6dB, SMA(f)',49,'ZRON-8G','mwinfield','2004-09-16 08:03:15','A','',1),(450,127,5,'AMPLIFIER, RF, 0.5-2.5 GHZ,G=28dB, O.P.=+15 dBm, MTG.BRKT. OPTION',49,'ZFL-2500B','mwinfield','2004-09-16 08:47:06','A','',1),(451,200,40,'SCR, PHD, #2-56 X 1.00L, SST',3,'91772A086','mwinfield','2004-09-16 09:03:52','A','',1),(452,124,3,'MIXER, FREQUENCY, LO/RF=300-4300MHZ, IF=DC-1000MHZ, LO=7dBm, SMA(f)',49,'ZEM-4300','mwinfield','2007-06-05 10:33:57','A','',1),(453,125,9,'POWER SPLITTER, 4-WAY, 10-800MHZ, SMA(f)',49,'ZBSC-413','mwinfield','2004-09-16 10:05:47','A','',1),(454,125,10,'POWER SPLITTER, 12-WAY, 2-100 MHZ, SMA(f)',35,'P12-01-409','mwinfield','2004-09-16 10:10:53','A','',1),(455,127,6,'AMPLIFIER, RF, 2856MHZ, 200W, -10dBm IN, CLASS A, PULSED',72,'AM83-2.85S-63-53','mwinfield','2004-09-16 11:26:10','A','',1),(456,130,5,'PWR SUPPLY, 12VDC@9.1A, 85-264VAC IN, SWITCHING',73,'LPS173','mwinfield','2004-09-16 11:34:52','A','',1),(457,130,6,'PWR SUPPLY, 12VDC@100A, SINGLE O.P.,85-264VAC IN, SWITCHING',73,'MP1-3L-3L-30','mwinfield','2004-09-16 11:40:44','A','',1),(458,119,7,'FILTER, LOW PASS, DC-800 MHZ PASSBAND, SMA(M-F)',49,'VLF-800','mwinfield','2004-09-16 12:57:02','A','',1),(459,119,8,'FILTER, LOW PASS, DC-800 MHZ PASSBAND, SMA(M-F)',49,'VLF-800','mwinfield','2004-09-16 13:42:47','D','',1),(460,213,15,'SUB-RACK, 3U x 84HP x 400mm D, EMC, ELMA TYPE 12',50,'12-00314-20','mwinfield','2004-09-16 13:46:21','A','',1),(461,213,16,'EXTRUSION, INTERNAL, 84HP, ALODINE PLATED AL',50,'66-138-23','mwinfield','2004-09-16 14:03:44','A','',1),(462,213,17,'PANEL, TOP/BOTTOM, PERFORATED, 84HP x 400mm, ELMA TYPE 12',50,'11-727','mwinfield','2004-09-16 14:08:16','A','',1),(463,121,57,'Connector D-SUB, PLUG, vert., HD-20,  15 pos.',25,'208007-2','mwinfield','2007-03-06 11:10:36','A','',1),(464,121,58,'connector, D-SUB, HD-20, PLUG, 37 pos., size 4, AMP p/n 745074-4',1,'745054-4','olipkind','2004-09-16 14:28:01','A','',1),(465,213,18,'FIXING MTRL KIT, w/ M3 x 6 RND HD SCR, 18 PCS.',50,'63-171','mwinfield','2004-09-16 14:30:19','A','',1),(466,213,19,'EXTRUSION, CARD GUIDE, AL, 340mm',50,'66-452-35','mwinfield','2004-09-16 14:44:26','A','',1),(467,213,20,'END FOOT KIT, CARD GUIDE, BLK THERMOPLASTIC, 1 PR.',50,'61-955-01','mwinfield','2004-09-16 14:54:43','A','',1),(468,121,59,'ADAPTER, BNC (f) - SMA (f), BLKHD MT., .380 x .350 D MTG. HOLE',74,'PE9407','mwinfield','2007-03-13 07:01:10','A','',1),(469,130,7,'PWR SUPPLY,18VDC@15A,90-265 VAC IN,SWITCHING,SNGL OUTPUT',56,'W18NT1500','mwinfield','2004-09-17 09:33:39','A','',1),(470,118,7,'FAN, 115VAC, 102CFM,UL, CSA',75,'4715MS-12T-B50-A00','mwinfield','2004-09-17 09:47:36','A','',1),(471,121,60,'SMA Right Angle crimp Plug, RG-316 DS cable , p/n 142-0404-1010, Johnson Components',58,'142-04-04-101','mwinfield','2004-11-30 09:29:54','A','',1),(472,121,61,'SMA Straight Crimp Plug, cable RG-316DS, gold Plated, p/n 142-2404-001, Johnson Components',58,'142-2404-001','olipkind','2004-09-17 10:13:48','A','',1),(473,213,21,'TOP/BOTTOM PANEL, 84HP x 400mm, ELMA TYPE 12',50,'11-725','mwinfield','2004-09-17 10:47:32','A','',1),(474,213,22,'SIDE PLATE, 9U, 400mm, ELMA TYPE 12',50,'11-836','mwinfield','2004-09-17 10:57:09','A','',1),(475,213,23,'SIDE PLATE, 9U, 400mm, ELMA TYPE 12',50,'11-837','mwinfield','2004-09-17 10:58:01','A','',1),(476,213,24,'SCREW, M4x10, CHEESE HD. 100-PK',50,'1904-12','mwinfield','2004-09-17 10:58:52','A','',1),(477,213,25,'SCREW, M2.5x12, 100-PACK',50,'1910-07','mwinfield','2004-09-17 11:00:38','A','',1),(478,213,26,'FRONT PANEL, FAN TRAY, 2U x 84HP, VERT. VENTILATION',50,'21N284-01','mwinfield','2004-09-17 11:03:18','A','',1),(479,213,27,'FRONT PANEL, FLAT, 6U x 84HP',50,'21N684','mwinfield','2004-09-17 11:05:00','A','',1),(480,213,28,'PANEL, FAN MOUNTING',50,'27-057','mwinfield','2004-09-17 11:06:45','A','',1),(481,213,29,'FAN FILTER SET',50,'27-281','mwinfield','2004-09-17 11:07:28','A','',1),(482,213,30,'HANDLE, UNIVERSAL, 6U HT.',50,'60-546','mwinfield','2004-09-17 11:13:42','A','',1),(483,213,31,'CARD GUIDE,  220mm L, 1.6mm CARD THK., 10-PACK',50,'63-103','mwinfield','2004-09-17 11:16:14','A','',1),(484,213,32,'ASSY HARDWARE, ELMA TYPE 14',50,'63-110','mwinfield','2004-09-17 11:20:42','A','',1),(485,213,33,'CARD EJECTOR HANDLES, 10-PACK',50,'63-151','mwinfield','2004-09-17 11:21:30','A','',1),(486,213,34,'CARD LOCK, 10-PACK',50,'63-153','mwinfield','2004-09-17 11:22:42','A','',1),(487,213,35,'TAP STRIP, M2.5, 84T, FRONT',50,'63-475-1','mwinfield','2004-09-17 11:31:43','A','',1),(488,213,36,'TAP STRIP, M2.5, 84T, REAR',50,'63-477-1','mwinfield','2004-09-17 11:32:17','A','',1),(489,213,37,'FIXING MATL, FAN COVER PANEL',50,'63-823','mwinfield','2004-09-17 11:38:45','A','',1),(490,213,38,'EXTRUSION, FRONT, HORIZ, 84HP',50,'66-111-23','mwinfield','2004-09-17 11:39:51','A','',1),(491,213,39,'VERTICAL PROFILE',50,'66-175-39','mwinfield','2004-09-17 11:41:57','A','',1),(492,213,40,'EXTRUSION, REAR, HORIZ, 84HP',50,'66-193-23','mwinfield','2004-09-17 11:42:53','A','',1),(493,213,41,'EXTRUSION, REAR, HORIZ, 84HP',50,'66-194-23','mwinfield','2004-09-17 11:43:24','A','',1),(494,213,42,'INSULATION STRIP',50,'66-901-23','mwinfield','2004-09-17 11:44:11','A','',1),(495,121,62,'BNC 50 ohm cable Plug, RG-58 cable',19,'31-5800','mwinfield','2011-06-01 12:02:29','A','',1),(496,130,8,'PWR SUPPLY,5VDC@18.5A,90-265 VAC IN,SWITCHING,SNGL OUTPUT',56,'W5NT1850','mwinfield','2004-09-19 11:03:21','A','',1),(497,130,9,'PWR SUPPLY, PRECISION PHOTOMULTIPLIER,  0-1KV OUT, 12-18VDC IN,',76,'PMT-10CP-3','mwinfield','2004-09-19 11:29:39','A','',1),(498,130,10,'PWR SUPPLY,12VDC@13.7A,90-265 VAC IN,SWITCHING,SNGL OUTPUT',56,'W12NT1370','mwinfield','2004-09-19 11:34:24','A','',1),(499,130,11,'PWR SUPPLY, LINEAR REG., 15VDC@ 400mA, 110 VAC INPUT',56,'15EB40','mwinfield','2006-02-27 13:48:18','A','',1),(500,130,12,'PWR SUPPLY, LINEAR REG., 2VDC@ 2.2A, 110 VAC INPUT',56,'A2NT220','mwinfield','2006-02-27 13:50:43','A','',1),(501,121,63,'Connector, MHV , female bulkhead, front mount with o-ring seal solder cup, PE4193, Pasternack',74,'PE4193','olipkind','2004-09-24 10:44:00','A','',1),(502,201,14,'nut, rivet, knurled, .375-16 x .805 lg, stl',3,'95105a168','dhaigh','2004-09-24 13:44:26','A','',1),(503,200,41,'SCR, SCH, .25-20 X .500 LG, SST',1,'','oshulepov','2004-10-01 15:31:55','A','',1),(504,200,42,'SCR, SCH, #8-32 X .375 LG, SST',3,'92196A192','oshulepov','2004-10-01 17:04:56','A','',1),(505,121,64,'SMB connector, 50 ohm, PC mount straight jack receptacle, gold plated, 131-1701-211, Johnson',58,'131-1701-211','olipkind','2004-10-05 13:33:03','A','',1),(506,200,43,'SCR, SCH, #10-24 X 1.00 L, SST',3,'92196A247','oshulepov','2004-10-05 17:05:10','A','',1),(507,108,13,'SN74AHC32D, quad 2-Input Positive OR Gate, SOIC-14, TI',8,'SN74AHC32DBR','olipkind','2004-10-06 14:57:26','A','',1),(508,115,1,'Relay G4B-112TP-US, General purpose relay, SPST-NO, 120VAC, Omron',77,'G4B-112TP-US','olipkind','2004-10-06 18:53:18','A','',1),(509,113,9,'HSMS-281L, RF Schottky diode, SMT, unconnected trio, Agilent',78,'HSMS-281L','olipkind','2004-10-07 17:35:06','A','',1),(510,201,15,'NUT, HEX W TTH WSHR, #6-32, 5/16 WD, 7/64 THK, 18-8 SST',3,'96278A007','oshulepov','2004-10-08 10:56:19','A','',1),(511,200,44,'SCR, CPT PNL, #8-32 X .75 L, SST',79,'RAF-1020','oshulepov','2004-10-08 11:22:41','A','',1),(512,200,45,'SCR, PFH, #6-32 X .500 L, SST',3,'96877A320','oshulepov','2004-10-08 15:39:02','A','',1),(513,215,3,'STNDF, HEX,#4-40 F-M, 3/16 L, W NUT AND WSHR, STL',3,'92710A205','oshulepov','2004-10-09 16:49:34','A','CONNECTOR SCREW, JACK SCREW, for D-SUB connectors zinc and yellow cromate steel',1),(514,215,4,'STNDF, HEX, #6-32 F-M, 1/4 L, NYLON',3,'92745A372','oshulepov','2004-10-09 16:51:27','A','',1),(515,215,5,'STNDF, SNP-IN, HEX, #4-40, 3/16 DIA, 1/4 L, SST',80,'14502-H-SS-.250-12','oshulepov','2004-10-09 17:01:26','A','',1),(516,200,46,'SCR. SCH, #6-32 X .500L, SST',3,'92196A148','oshulepov','2004-10-12 15:05:15','A','',1),(517,202,3,'SSCR, 3/8-16 X 2.5 LG, 18-8 SST',3,'92311A632','oshulepov','2004-10-12 15:22:30','A','',1),(518,107,35,'LM360M, High speed differential comarator, M08A, National',6,'LM360M','olipkind','2004-10-18 11:07:15','A','',1),(519,108,14,'MC10EL04D, ECL 2-input AND/NAND, SOIC-8, Onsemi',9,'MC10EL04D','olipkind','2004-10-19 18:09:08','A','',1),(520,108,15,'MC10EL01D,  ECL 4-input OR/NOR,  SOIC-8, ONsemi',9,'MC10EL01D','olipkind','2004-10-19 18:08:36','A','',1),(521,107,36,'AMCMP565, dual ultrafast comparator, 20 lead PLCC, analog devices',5,'ADCMP565','olipkind','2004-10-20 13:59:27','A','',1),(522,218,1,'compression spring, .180 od, .029 wd, .25 l, 6.43 lbs',81,'c0180-029-0250','dhaigh','2004-10-20 15:38:16','A','',1),(523,219,1,'lockable, high-resolution micrometers',82,'hr-13','dhaigh','2004-10-20 15:40:12','A','',1),(524,108,16,'MC10ELT25D, -5V differential ECL to TTL translator, ONSEMI',9,'MC10ELT25D','olipkind','2004-10-20 16:17:09','A','',1),(525,200,47,'SCR, SCH, #1-72 X .5 LG, SST',3,'92196A069','dhaigh','2004-10-20 18:19:54','A','',1),(526,203,16,'washer #1, .063 thk, alum',83,'5712-5-063','dhaigh','2004-10-20 18:21:59','A','',1),(527,108,17,'MC10EL11D, 5V ECL 1:2 Differential Fanout Driver, SOIC-8, OnSemi',9,'MC10EL11D','olipkind','2004-10-21 14:51:26','A','',1),(528,200,48,'SCR, SCH, .25-20 X .75O LG, SST',3,'92196A540','oshulepov','2004-10-21 15:22:46','D','',1),(529,200,49,'SCR, SCH, M4 X 8 LG, SST',3,'91292A108','oshulepov','2004-10-21 15:47:49','A','',1),(530,121,65,'BNC right  anlgle mount Jack, PCB, recept., Amphenol p/n 31-5431',19,'31-5431','olipkind','2004-10-21 16:14:42','A','',1),(531,203,17,'WSHR, BLVLE, .187\" OD, .093\" ID, .013\" HT, 302 SST',3,'9713K51','oshulepov','2004-10-21 16:22:07','A','',1),(532,107,37,'HFA1130IB 850MHz, output limiting current feedback amplifier, SOIC, Intersil',84,'HFA1130IB','olipkind','2004-10-21 18:00:10','A','',1),(533,103,58,'Resistor 182 ohm+-1%, 1206,  SMT, ERJ-8ENF1820V, Panasonic',15,'ERJ-8ENF1820V','olipkind','2004-10-21 18:15:09','A','',1),(534,103,59,'Resistor SMT, 301 Ohm+-1%, 1206, Panasonic ERJ-8ENF3010V',15,'ERJ-8ENF301V','olipkind','2004-10-22 13:31:53','A','',1),(535,103,60,'Resistor SMT, TKF, 3.01K+_1%, 1206, Panasonic ERJ-8ENF3011V',15,'ERJ-8ENF3011V','olipkind','2004-10-22 13:37:12','A','',1),(536,107,38,'LT1057S8, dual JFET precision high speed opamp, SO-8, Linear Technology',85,'LT1057S8','olipkind','2004-10-23 13:04:49','A','',1),(537,101,32,'Capacitor 100uFx10V, SMT, Tantalum, 2917',107,'TAJD107K016RNJ','mwinfield','2011-04-13 07:47:08','A','',1),(538,101,33,'Capacitor Cer., 0.1uF+-10%, 100V, 1206',107,'12061C104KAT2A','mwinfield','2011-06-01 05:52:48','A','',1),(539,101,34,'capacitor Cer., 0.33uFX25V, +-10%, X7R, 1206, Panasonic ECJ-3VB1E334K',15,'ECJ_3VB1E334K','olipkind','2004-10-23 15:25:39','D','',1),(540,101,35,'Capacitor Cer., 0.022uFX100V, +-10%, X7R, 1206',107,'12061C223KAT2A','mwinfield','2011-04-13 05:18:07','A','',1),(541,103,61,'Resistor 174K+-1%, 1206, TKF, Panasonic ERJ-8ENF1743V',15,'ERJ-8ENF1743V','olipkind','2004-10-23 15:49:08','A','',1),(542,103,62,'resistor 2.74K+-1%, 1206, TKF, Panasonic ERJ-8ENF2741V',15,'ERJ-8ENF2741V','olipkind','2004-10-23 15:54:25','A','',1),(543,103,63,'Resistor, 357K+-1%, 1206, TKF, Panasonic ERJ-ENF3573V',15,'ERJ-ENF3573V','olipkind','2004-10-23 16:00:34','A','',1),(544,103,64,'Resistor 196K+-1%, 1206, TKF, Panasonic ERJ-8ENF1963V',15,'ERJ-8ENF1963V','olipkind','2004-10-23 16:17:04','A','',1),(545,101,36,'Capacitor Cer., 0.68uFx25V, +-10%, X7R, TKF, 1206',107,'12063C684KAT2A','mwinfield','2011-04-13 07:30:43','A','',1),(546,101,37,'Capacitor Cer, 0.033uFx100V, +-5%, X7R, 1206',107,'12061C333JAT2A','mwinfield','2011-04-13 05:22:07','A','',1),(547,101,38,'Capacitor Cer., 5600pFx50v, +-5%, NPO, TKF, 1206',107,'12065A562JAT2A','mwinfield','2011-04-15 08:32:54','A','',1),(548,135,1,'Transformer 115v to 7V, 60 Hz, Amveco 70000',86,'70000','olipkind','2004-10-23 17:36:29','A','',1),(549,136,1,'Power entry module PS0SXDS3B, Corcom',87,'PS0SXDS3B','olipkind','2004-10-25 10:48:05','A','',1),(550,109,1,'MAX321CSA, Precision , dual supply, dual SPST analog switch, SOIC-8, Maxim',21,'MAX321CSA','olipkind','2004-10-25 14:41:49','D','',1),(551,107,39,'MAX321CSA, Precision , dual supply, dual SPST analog switch, Maxim',21,'MAX321CSA','olipkind','2004-10-25 14:43:40','A','',1),(552,103,65,'Resistor 201 Ohm+-1%, 1206, TKF, Panasonic ERJ-8ENF2010V',15,'ERJ-ENF2010V','olipkind','2004-10-25 18:29:32','A','',1),(553,103,66,'Resistor 67.1 Ohm +-15, 1/4W, 1206, TKF, Panasonic ERJ-8ENF67R1V',15,'ERJ-8ENF67R1V','olipkind','2004-10-25 18:28:24','A','',1),(554,107,40,'MAX322CSA, dual supply, dual SPST analog switch, SOIC, Maxim',21,'MAX322CSA','olipkind','2004-10-25 18:51:40','A','',1),(555,121,66,'5-pin Solid Header, vert friction block, 0.156\" spc, Molex 26-60-4050',28,'26-60-4050','olipkind','2004-10-26 13:42:11','A','',1),(556,103,67,'resistor, 78.7 Ohm +-1%, 1/4w, 1206, TKF, Panasonic ERJ-8ENF78R7V',15,'ERJ-8ENF78R7V','olipkind','2004-10-28 14:32:25','A','',1),(557,103,68,'Resistor 86.6 Ohm+-1%, 1/4W, 1206, TKF, Panasonic ERJ-8ENF86R6V',15,'ERJ-8ENF86R6V','olipkind','2004-10-28 14:44:59','A','',1),(558,103,69,'resistor 453 Ohm +-1%, 1/4w, 1206, TKF, Panasonic ERJ-8ENF4530V',15,'ERJ-8ENF4530V','olipkind','2004-10-28 18:10:21','A','',1),(559,103,70,'resistor 59.9 Ohm+-15, 1/16W, 0603, TKF, Panasonic, ERJ-3EKF49R9V',15,'ERJ-3EKF49R9','olipkind','2004-10-29 13:39:50','A','',1),(560,107,41,'MAX4593CSE, high-speed, single-supply, quad, SPST analog switch, soic-16, Maxim',21,'MAX4593CSE','olipkind','2004-11-01 16:07:39','A','',1),(561,200,50,'SCR, SCH, #8-32 X .500 L, SST',3,'92196A194','oshulepov','2004-11-02 10:57:05','A','',1),(562,220,1,'CPLNG, FLXBL, 2X 5mm ID, AL',3,'2463K3','oshulepov','2004-11-02 11:02:31','A','',1),(563,101,39,'Capacitor Tant, SMT, 68uFx16V,  7343',107,'TAJD686K016RNJ','mwinfield','2011-04-15 09:32:07','A','',1),(564,103,71,'Resistor 30.1 Ohm +-1%, SMT, TKF, 2010, 1/2 W, Panasonic ERJ-12SF30R1U',15,'ERJ-12SF30R1U','olipkind','2004-11-02 15:47:42','A','',1),(565,103,72,'resistor 215 Ohm +-1%, SMT, TKF, 2010, Panasonic ERJ-12SF2150U',15,'ERJ-12SF2150U','olipkind','2004-11-02 15:51:00','A','',1),(566,200,51,'SCR, SCH, #0-80 X .188 L, SST',3,'92196A054','oshulepov','2004-11-03 11:22:02','A','',1),(567,203,18,'WSHR, FLT, #0, .099 OD, .063 ID, .014 THK, SST',3,'90945A700','oshulepov','2004-11-03 11:25:27','A','',1),(568,103,73,'Resistor 0 Ohm, +-5%, SMT, TKF, 0402, Yageo, 9C0402A0000JLHF3',12,'9C0402A0000JLHF3','olipkind','2004-11-05 11:59:38','A','',1),(569,107,42,'LT1497CS8,  Dual current Feedback Opamp, SO-8, Linear Technology',40,'LT1497CS8','olipkind','2004-11-06 12:52:40','A','',1),(570,103,74,'resistor 562 Ohm +-1%, , SMT, TKF, 1206, Panasonic ERJ-8ENF5620V',15,'ERJ-8ENF5620V','olipkind','2004-11-06 13:07:44','A','',1),(571,200,52,'SCR, SCH, M4 X 20 LG, SST',3,'91292A121','oshulepov','2004-11-08 10:31:21','A','',1),(572,107,43,'MAX9600EUP, comparator dual, high-spedd, ECL output, TSSOP-20, Maxim',21,'MAX9600EUP','olipkind','2004-11-08 11:22:15','A','',1),(573,204,10,'PIN, DWL, 3mm DIA X 16mm LG, STL',3,'91595A116','oshulepov','2004-11-09 16:47:26','A','',1),(574,201,16,'NUT, HEX, 5/16-18, 1/2 W, SST',3,'91845A030','oshulepov','2004-11-10 13:49:26','A','',1),(575,107,44,'OP1177AR precision low noisw opamp, SOIC-8, Analog Devices',5,'OP1177AR','olipkind','2004-11-10 18:12:14','A','',1),(576,200,53,'SCR, SCH, 1/4-20 X 5.00 L, SST',3,'92196A561','oshulepov','2004-11-11 17:01:29','A','',1),(577,108,18,'MC10EL31D, D flip-Flop with Set and Reset, ECL, SO-8',9,'MC10EL31D','olipkind','2004-11-12 14:56:54','A','',1),(578,105,7,'Resistor 100 Ohm+-1%, SMT, TKF, 1206, ERJ-8ENF1000V',15,'ERJ-8ENF1000V','olipkind','2004-11-15 18:31:22','D','',1),(579,103,75,'resistor 100 Ohm+-1%, SMT, TKF, 1206, Panasonic ERJ-8ENF1000V',15,'ERJ-8ENF1000V','olipkind','2004-11-15 18:33:19','A','',1),(580,103,76,'Resistor 137 Ohm+-15, SMT, TKF, 1206, Panasonic ERJ-8ENF1370V',15,'ERJ-8ENF1380V','olipkind','2004-11-16 11:05:30','A','',1),(581,103,77,'Resistor 66.5 Ohm+-1%, SMT, TKF, 0805, Panasonic ERJ-6ENF66R5V',15,'ERJ-6ENF66R5V','olipkind','2004-11-16 14:23:29','A','',1),(582,103,78,'Resistor 200 Ohm+-1%, SMT, TKF, 0805, Panasonic ERJ-6ENF2000V',15,'ERJ-6ENF2000V','olipkind','2004-11-16 14:27:18','A','',1),(583,103,79,'Resistor 274 Ohm +-1%, SMT, TKF, 1/4W, 1206, Panasonic ERJ-8ENF2740V',15,'ERJ-8ENF2740V','olipkind','2004-11-17 16:03:49','A','',1),(584,203,19,'WSHR, FLT, .812\" ID, 2.0\" OD, .122\" THK, SST',3,'98019A520','oshulepov','2004-11-18 15:42:42','A','',1),(585,218,2,'COMPRESSION SPRING',81,'C0180-029-0440','dhaigh','2004-11-18 17:51:41','A','',1),(586,103,80,'Resistor 200 Ohm+-1%, SMT, TKF, 1/4W, 1206, Panasonic ERJ-8ENF2000V',15,'ERJ-8ENF2000V','olipkind','2004-11-19 16:48:23','A','',1),(587,103,81,'Resistor 66.5 Ohm+-1%, SMT, TKF, 1/4W, 1206, Panasonic ERJ-8ENF66R5V',15,'ERJ-8ENF66R5V','olipkind','2004-11-19 16:54:52','A','',1),(588,103,82,'Resistor 7 Ohm+-5%, SMT, TKF, 2512, Riedon, CRW2512-7RJ1',88,'CRW2512-7RJ1','olipkind','2004-11-19 17:18:39','A','',1),(589,103,83,'resistor 1.82K+-1%, SMT, TKF, 1/4W, 1206, Panasonic ERJ-8ENF1821V',15,'ERJ-8ENF1821V','olipkind','2004-11-20 15:12:30','A','',1),(590,103,84,'Resistor 8.25K+-1%, SMT, TKF, 1/4W, 1206, Panasonic ERJ-8ENF8251V',15,'ERJ-8ENF8251V','olipkind','2004-11-20 15:21:23','A','',1),(591,121,67,'SCREWLOCK, D-SUB CONN,#4-40,SLIP-ON RETAINER',89,'160-000-001-051','mwinfield','2004-11-29 13:26:21','A','',1),(592,128,11,'WIRE, HOOKUP, 24AWG,STRND 19/36,TFE INS.,BLACK, 100FT. RL',51,'5854 BK005','mwinfield','2004-11-29 15:13:17','A','',1),(593,128,12,'WIRE, HOOKUP, 24AWG,STRND 19/36,TFE INS.,RED, 100FT. RL',51,'5854 RD005','mwinfield','2004-11-29 15:15:05','A','',1),(594,128,13,'WIRE, HOOKUP, 24AWG,STRND 19/36,TFE INS.,ORANGE, 100FT. RL',51,'5854 OR005','mwinfield','2004-11-29 15:16:41','A','',1),(595,128,14,'WIRE, HOOKUP, 24AWG,STRND 19/36,TFE INS.,VIOLET, 100FT. RL',51,'5854 VI005','mwinfield','2004-11-29 15:17:20','A','',1),(596,128,15,'WIRE, HOOKUP, 24AWG,STRND 19/36,TFE INS.,BROWN, 100FT. RL',51,'5854 BR005','mwinfield','2004-11-29 15:18:12','A','',1),(597,128,16,'WIRE, HOOKUP, 24AWG,STRND 19/36,TFE INS.,BLUE, 100FT. RL',51,'5854 BL005','mwinfield','2004-11-29 15:18:55','A','',1),(598,128,17,'WIRE, HOOKUP, 24AWG,STRND 19/36,TFE INS.,WHITE, 100FT. RL',51,'5854 WH005','mwinfield','2004-11-29 15:19:41','A','',1),(599,126,19,'CABLE,COAXIAL, RG316 DOUBLE SHIELDED',74,'RG316-DS','mwinfield','2004-11-30 07:59:31','A','',1),(600,121,68,'CONN.,SMA PLUG, R/A, CRIMP, RG-316, AU PL',58,'142-0403-101','mwinfield','2004-11-30 09:29:15','A','',1),(601,121,69,'CONN.,SMA PLUG, STRAIGHT, CRIMP, RG-316, AU PL',58,'142-0403-011','mwinfield','2004-11-30 09:32:07','A','',1),(602,121,70,'CONN, BNC PLUG, STR., MIL-CRIMP, RG-58',19,'31-320-RFX','mwinfield','2004-11-30 09:56:16','A','',1),(603,126,20,'CABLE, COAX., RG-58C',51,'9058C','mwinfield','2004-11-30 10:03:12','A','',1),(604,121,71,'TERMINAL, LOCKING FORK, 22-16AWG,VINYL INS.,#6 BOLT HOLE, 100 PK.',90,'18RA-6FL','mwinfield','2004-11-30 11:40:17','A','',1),(605,121,72,'CONN. HOUSING, RECPT, 10 CKTS., MICRO-FIT 3.0',28,'43025-1000','mwinfield','2004-11-30 13:24:10','A','',1),(606,121,73,'TERMINAL, CRIMP, FEMALE, MICRO-FIT 3.0, 20-24AWG, AU PL',28,'43030-0002','mwinfield','2004-11-30 13:26:54','A','',1),(607,121,74,'CONN. HOUSING, RECEPT., 2 CKTS., 7.5mm, SABRE',28,'44441-2002','mwinfield','2004-11-30 14:19:46','A','',1),(608,128,18,'WIRE, TEST PROD, 18AWG, 5KV, AWM STYLE 1855, RED',64,'9899 002','mwinfield','2004-11-30 14:24:36','A','',1),(609,128,19,'WIRE, TEST PROD, 18AWG, 5KV, AWM STYLE 1855, BLACK',64,'9899 010','mwinfield','2004-11-30 14:25:53','A','',1),(610,121,75,'TERMINAL, CRIMP, 18AWG, SABRE',28,'43375-0001','mwinfield','2004-11-30 14:29:57','A','',1),(611,200,54,'SCR, SCH, #8-32 X 1.75 LG, SST',3,'92196A204','oshulepov','2004-12-01 15:37:46','A','',1),(612,121,76,'D-SUB CONN., RIBBON IDC, SOCKETS., 37 POS., 26-28AWG',27,'8337-6000','mwinfield','2004-12-01 16:08:11','A','',1),(613,121,77,'CONN., PLUG, 100 POS, DISCRETE IDC TERM COVER, .050 AMPLIMITE',25,'1-750913-9','mwinfield','2004-12-01 16:19:59','A','',1),(614,126,21,'CABLE, RIBBON, RND JACKET,BLK, 37 COND., .050 SPACING, 28AWG',27,'3759/37','mwinfield','2006-03-02 13:52:45','D','',1),(615,121,78,'BACKSHELL, SERIES III SCSI, 100 POS, #2-56 MTG. SCR.ZINC ALLOY, NI PL',25,'5749081-1','mwinfield','2007-07-12 14:49:55','A','',1),(616,117,1,'fuse LPT100-ND, !A hold current, 2.5A trip current, Digi-Key',20,'LTP100-ND','olipkind','2004-12-06 11:33:01','A','',1),(617,200,55,'SCR, HEXHD, 1/2-13 X 4.00 L, STL',3,'92865A728','oshulepov','2004-12-13 14:36:05','A','',1),(618,217,4,'TEE, 1.50in OD, .065 W 304 SST',92,'404502','oshulepov','2004-12-15 16:25:18','A','',1),(619,130,13,'POWER ENTRY MODULE PS0SXDS6B, CORCOM',93,'PS0SXDS6B','olipkind','2005-01-07 14:22:02','D','',1),(620,113,10,'zener diode, MM3Z7V5ST1, SMT, 7.5V, IZTmax=15mA, Onsemi',9,'MM3Z7V5ST1','olipkind','2005-01-08 09:48:38','A','',1),(621,113,11,'Zener diode, MM3Z6V8ST1',9,'MM3Z6V8ST1','olipkind','2005-01-08 09:50:49','A','',1),(622,130,14,'Power Supply, 5EB100, 5V, 1.0A, Acopian',94,'5EB100','mwinfield','2006-02-09 14:13:32','A','',1),(623,130,15,'Power supply, LINEAR REG., 2VDC@400mA, 110 VAC INPUT',56,'2EB40','mwinfield','2006-02-27 13:46:05','A','',1),(624,130,16,'Power Supply, Linear Reg., 10VDC@240mA, 110 VAC INPUT',94,'10EB24','mwinfield','2006-02-27 13:46:40','A','',1),(625,130,17,'Power Supply, DB5-50, Linear Reg., +-5VDC@500mA, 110 VAC INPUT',94,'DB5-50','mwinfield','2006-02-27 13:47:09','A','',1),(626,121,79,'CONN HSG, 5 POS, .156 CTR., W/ LOCKING RAMP',28,'09-50-8051','mwinfield','2006-05-05 07:38:03','A','',1),(679,121,88,'TERMINAL,MOLEX .156 K.K. CONNECTOR,  24-18 AWG',28,'08500106','mwinfield','2005-07-11 15:44:21','A','',1),(627,200,56,'SCR, SCH, M3 X 10 mm LG, SST',3,'91292A113','oshulepov','2005-01-24 14:36:40','A','',1),(628,202,4,'SSCR, #8-32 X 1.25 LG, 18-8 SST',3,'92311A201','oshulepov','2005-01-27 16:56:35','A','',1),(629,200,57,'SCR, SCH, #8-32 X 1.125 L, SST, FULL THD',3,'92196A200','oshulepov','2005-02-01 16:25:33','A','',1),(630,101,40,'Capacitor Cer., 100pF+-5%, 100V, NPO, 0805',107,'08051A101JAT2A','mwinfield','2011-04-11 09:16:02','A','',1),(631,107,45,'Opamp AD822AR, Rail-to-Rail, FET-input , SOIC-8, analog Devices',5,'AD822AR','olipkind','2005-02-04 14:16:12','A','',1),(632,107,46,'Analog SPST quad switch, ADG433ABR, SOIC-16, Analog Devices',5,'ADG433ABR','olipkind','2005-02-04 14:31:29','A','',1),(633,113,12,'diode MBD54DWT1, Schottky, 30V, 200mA, 5ns, OnSemi',9,'MBD54DWT1','olipkind','2005-02-19 12:59:31','A','',1),(634,107,47,'MAX4145ESE, high-speed differential to single ended line driver, SOIC-16, Analog Devices',5,'MAX4145ESE','olipkind','2005-04-09 09:12:26','A','',1),(635,204,11,'PIN, DWL, .250 DAI X .5 LG, SST',3,'90145A537','oshulepov','2005-05-18 10:38:58','A','',1),(636,121,80,'CONN. T-ADAPTER, BNC, F-F-F',95,'BA832','mwinfield','2005-06-08 13:50:51','A','',1),(637,121,81,'CONN. T-ADAPTER, BNC, F-M-F',95,'BA250','mwinfield','2005-06-08 13:51:40','A','',1),(638,137,1,'MOTION CNTRLR, ETHERNET/RS232, 1-8 AXES',97,'DMC-2183','mwinfield','2005-06-08 14:32:17','A','',1),(639,137,2,'MOTOR INTERCONNECT, 4 CH., 20W DRV., SOLID STATE RELAY OPT.',97,'AMP-20341-SR','mwinfield','2010-06-02 07:46:21','A','',1),(640,137,3,'STEPPER MOTOR INTERCONNECT, 4 CH., 1.4A MAX., MICROSTEP CAPABLE',97,'SDM-20242','mwinfield','2008-07-31 07:01:32','A','',1),(641,130,18,'PWR SUPPLY, DUAL, +/- 12VDC, 1.0A, LINEAR, TERM. COVER',94,'LD12-100M','mwinfield','2006-03-17 10:03:23','A','',1),(642,130,19,'PWR SUPPLY, SINGLE, 12VDC, 1.2A, LINEAR, ENCAPSULATED',94,'12EB120','mwinfield','2005-06-08 14:42:10','A','',1),(643,130,20,'PWR SUPPLY, SINGLE,  5VDC, 2.5A, LINEAR, ENCAPSULATED',94,'5EB250','mwinfield','2005-06-08 14:45:12','A','',1),(644,130,21,'PWR SUPPLY, SINGLE,  24VDC, 5A, SWITCHING REG.',94,'W24FT500','mwinfield','2005-06-08 14:48:57','A','',1),(645,136,2,'POWER ENTRY MODULE, DPST SW., DUAL VLTG.,DUAL FUSE, 6A. FULL SHIELD',93,'PS0SXDS6B','mwinfield','2006-02-24 13:34:52','A','',1),(646,138,1,'TERM. BLK., 12 POS, DOUBLE ROW .375 PITCH, SERIES 76',28,'38760-0112','mwinfield','2005-06-08 15:21:39','A','',1),(647,138,2,'TERM. BLK., 3 POS, DOUBLE ROW .375 PITCH, SERIES 76',28,'38760-0103','mwinfield','2005-06-08 15:24:07','A','',1),(648,138,3,'JUMPER, TERMINAL BLOCK, 2 POS., .375 CTR.',28,'38723-6502','mwinfield','2005-06-08 15:57:45','A','',1),(649,121,82,'CONN., D-SUB, 15 POS., FEM. SHELL, CRIMP TYPE',25,'205205-7','mwinfield','2008-03-17 09:37:08','A','',1),(650,121,83,'SOCKET, CRIMP, FOR HDP-20 TYPE D-SUB/ CPC SER. II, 24-20 AWG. , 30u AU PL.',25,'66504-9','mwinfield','2006-11-15 14:27:20','A','',1),(651,215,6,'STNDF, HEX, #6-32 F-M, 3.0 L, SST',98,'6C300HM4S','mwinfield','2005-07-06 08:53:14','A','',1),(652,215,7,'STNDF, HEX, #6-32 F-M, 3/8 L, SST',98,'6C31HM4S','mwinfield','2005-07-06 08:52:57','A','',1),(653,213,43,'MOUNTING CASE, 19\" x 6u x 395mmD, TYPE 15 STANDARD',50,'15-03644-11','mwinfield','2005-06-09 07:57:59','A','',1),(654,118,8,'GROUND TERMINAL, 12 POINT, #10 MOUNTING HOLE',99,'09-0018-1-05','mwinfield','2005-06-09 08:21:58','A','',1),(655,138,4,'TERM. BLK., 10 POS, DOUBLE ROW .375 PITCH, SERIES 76',28,'38760-0110','mwinfield','2005-06-09 08:34:45','A','',1),(656,138,5,'TERM. BLK., 5 POS, DOUBLE ROW .375 PITCH, SERIES 76',28,'38760-0105','mwinfield','2005-06-09 08:39:19','A','',1),(657,213,44,'CASE, ELMA TYPE 15,3U HT.,19\'\' W, 395MM D., FNT HNDLS, TOP CVR. AIR PERF.',50,'15A03344-31','mwinfield','2005-06-09 09:15:41','A','',1),(658,213,45,'PANEL, REAR, 3U HT., FOR 19\" CASE, ELMA TYPE 15 SMART',50,'21A384','mwinfield','2005-06-09 09:26:30','A','',1),(659,213,46,'PANEL, FRONT, 3U HT., FOR 19\" CASE, ELMA TYPE 15 SMART',50,'21C384','mwinfield','2005-06-09 09:47:01','A','',1),(660,213,47,'PANEL, FRONT, 3U HT., FOR 19\" CASE, ELMA TYPE 15 SMART',50,'21C384','mwinfield','2005-06-09 10:27:07','D','',1),(661,121,84,'TERMINAL, FORK, CRIMP, 22-16 AWG, #6 STUD, NYLON INS.',90,'RA18-6F','mwinfield','2005-06-09 10:32:28','A','',1),(662,121,85,'TERMINAL, FORK, CRIMP, 18-14 AWG, #6 STUD, NYLON INS.',90,'RB14-6F','mwinfield','2005-07-26 06:53:52','A','',1),(663,213,48,'FRONT PANEL, 6U HT.',50,'21C684','mwinfield','2005-06-09 11:27:40','A','',1),(664,138,6,'TERM. BLK., 5 POS, DOUBLE ROW .375 PITCH, SERIES 77',28,'38770-0105','mwinfield','2005-06-09 15:10:54','A','',1),(665,138,7,'JUMPER, TERMINAL BLOCK, 5 POS., .375 CTR.',100,'600RJ05','mwinfield','2005-06-09 15:15:47','A','',1),(666,118,9,'COVER, TOP MOUNTED, TERM. BLOCK, 5 POS.',100,'CW10501X','mwinfield','2005-06-09 15:18:27','A','',1),(667,139,1,'CASE FAN, 12VDC, 80mm x 25mm, 1500 RPM, 20.2CFM, 17.6dB(A)',101,'SP802512L-03','mwinfield','2005-06-10 07:45:17','A','',1),(668,139,2,'FAN FILTER SCREEN, AL., 4.13 IN. MTG. HOLE ON CENTER',102,'2496','mwinfield','2005-06-10 08:34:31','A','',1),(669,121,86,'CONN., MHV(F), BLKHD, CRIMP, RG-59',74,'PE44110','mwinfield','2005-06-10 09:48:07','A','',1),(670,213,49,'PANEL, FRONT, ADVANCED EMC, 4U HT., 84 HP',50,'21C484','mwinfield','2005-06-10 10:05:54','A','',1),(671,215,8,'STNDF, HEX, #6-32 F-M, 1/2 L, NYLON',3,'92745A342','mwinfield','2005-06-10 10:19:33','A','',1),(672,215,9,'STNDF, HEX, #6-32 F-M, 1.25 L, SST',3,'91075A437','mwinfield','2005-06-10 10:23:06','A','',1),(673,113,13,'DIODE, ZENER, Vz=7.5V, Iz=5ma, Zz= 7 OHM, DO-35 PKG.',7,'1N5997B','mwinfield','2005-06-10 13:40:04','A','',1),(674,104,3,'RESISTOR,  AXIAL LEAD, 330 OHM, CARBON FILM, 1/4W 5%',14,'ERD-S2TJ331V','mwinfield','2005-06-13 07:04:56','A','',1),(675,126,22,'CABLE ASSY, COAX, HAND FORMABLE, .141 O.D., SMA(M) STR-STR, L= 11 IN',160,'P1-SMAP/SMAP-141CJ-11','mwinfield','2007-05-24 12:54:49','A','',1),(676,126,23,' CABLE ASSY, COAX, HAND FORMABLE, .141 O.D., SMA(M) STR-STR, L= 13 IN',160,'P1-SMAP/SMAP-141CJ-13','mwinfield','2007-05-24 12:55:43','A','',1),(677,121,87,'ADAPTER, BLKHD, N(F)-SMA(F), DC-7GHZ',19,'901-9720','mwinfield','2005-07-07 11:15:31','A','',1),(678,140,1,'FERRITE, BROADBAND, CLAMPON, 8.2MM',103,'28A2432-0A2','mwinfield','2005-07-11 15:29:49','A','',1),(680,213,50,'MOUNTING CASE, 19\" x 2u x 245mmD, TYPE 15 SMART',50,'15A03242-31','mwinfield','2005-07-11 15:55:40','A','',1),(681,213,51,'REAR PANEL, 2U x 19\"',50,'21A284','mwinfield','2005-07-11 15:59:23','A','',1),(682,213,52,'FRONT PANEL, 2U HT.',50,'21C284','mwinfield','2005-07-11 16:01:21','A','',1),(683,213,53,'MOUNTING CHASSIS, 245MM X 19\"',50,'15A103-1','mwinfield','2005-07-11 16:04:13','A','',1),(684,103,85,'Resistor SMT,  46.4 ohm +-1%, 2010, 1/2W',14,'ERJ-12SF46R4U','mwinfield','2005-07-12 10:19:50','A','',1),(685,121,89,'CONN., D-SUB, 9 POS., MALE SHELL, CRIMP TYPE, RoHS',25,'205204-9','mwinfield','2011-03-17 10:57:53','A','',1),(686,121,90,'PIN, CRIMP, DF20/ CPC SERIES 2 , 24-20 AWG. , 30u AU PL.',25,'66506-9','mwinfield','2006-12-05 08:35:34','A','',1),(687,121,91,'CONN., D-SUB, 9 POS., FEMALE SHELL, CRIMP TYPE',25,'205203-8','mwinfield','2008-03-17 09:37:38','A','',1),(688,121,92,'TERMINAL, DISCONNECT, FEM, NYL, FULL INSUL., CRIMP,18-22AWG, .187 x .032',90,'18RAD18377','mwinfield','2005-07-21 13:25:43','A','',1),(689,121,93,' TERMINAL, DISCONNECT, FEM, NYL, FULL INSUL., CRIMP,14-16AWG, .187 x .032',90,'14RBD18377','mwinfield','2005-07-21 13:26:46','A','',1),(690,128,20,' WIRE, HOOKUP, 18AWG,STRND ,19/30,TFE INS.,ORANGE, 100FT. RL',51,'5857 OR005','mwinfield','2005-07-26 13:10:39','A','',1),(691,128,21,'WIRE, HOOKUP, 18AWG,STRND ,19/30,TFE INS.,YELLOW, 100FT. RL',51,'5857 YL005','mwinfield','2005-07-26 13:12:12','A','',1),(692,128,22,'WIRE, HOOKUP, 18AWG,STRND ,19/30,TFE INS.,VIOLET, 100FT. RL',51,'5857 VI005','mwinfield','2005-07-26 13:13:33','A','',1),(693,128,23,'WIRE, HOOKUP, 18AWG,STRND ,19/30,TFE INS.,RED, 100FT. RL',51,'5857 RD005','mwinfield','2005-07-26 13:14:30','A','',1),(694,128,24,'WIRE, HOOKUP, 24AWG,STRND 19/36,TFE INS.,GREEN, 100FT. RL',51,'5854 GR005','mwinfield','2005-07-26 16:11:36','A','',1),(695,128,25,'  WIRE, HOOKUP, 24AWG,STRND 19/36,TFE INS.,YELLOW, 100FT. RL',51,'5854 YL005','mwinfield','2005-07-26 16:14:00','A','',1),(696,121,94,'CONN HOUSING, 4POS, .100 PITCH, W/RAMP/RIB',28,'22-01-3047','mwinfield','2005-08-01 13:45:26','A','',1),(697,121,95,'TERMINAL,CRIMP,MOLEX KK,22-30AWG',28,'08-50-0114','mwinfield','2005-08-01 13:49:29','A','',1),(698,130,22,'PWR SUPPLY, SINGLE, 5VDC, 6.0A, SWITCHING REG., ENCAPSULATED',56,'5WB600','mwinfield','2005-08-08 10:44:23','A','',1),(699,130,23,'PWR SUPPLY, DUAL, +/- 12VDC, 2.5A, LINEAR',56,'TD12-250','mwinfield','2005-08-08 11:21:50','A','',1),(700,121,96,'CONN.  PLUG, AMP CPC, SHELL SIZE 13, 9 COND., SCKTS',25,'206708-1','mwinfield','2010-02-18 14:13:37','A','',1),(701,121,97,'SOCKET, CRIMP, FOR AMP CPC SER.1 HSG, 20-24 AWG, Au-Ni PL',25,'66105-4','mwinfield','2010-03-02 13:20:22','A','',1),(702,121,98,'CLAMP, CABLE, CPC SIZE 13, BLK PLASTIC',25,'206966-1','mwinfield','2005-08-17 14:43:14','A','',1),(703,141,1,'CABLE, MULTICOND., 2PAIRS 22AWG, OVERALL SHLD, PVC JACKET',64,'9512','mwinfield','2005-08-17 15:34:54','A','',1),(704,141,2,'CABLE, MULTICOND., 1 PAIR 22AWG, OVERALL SHLD, PVC JACKET',64,'9322','mwinfield','2005-08-17 15:35:27','A','',1),(705,141,3,'CABLE, MULTICOND., 3 SHIELDED PAIRS 22AWG, PVC JACKET',64,'9329','mwinfield','2005-08-17 15:34:12','A','',1),(706,104,4,'POT, CT6P-50K, 6mm, single turn, Digikey CT6P503-ND',20,'CT6P503-ND','olipkind','2005-08-22 15:11:51','A','',1),(707,104,5,'POT, CT6P-10K, 6mm single turn, digikey CT6P-103-ND',20,'CT6P103-ND','olipkind','2005-08-22 15:52:08','A','',1),(708,104,6,'Resistor 7.5 ohm+-5%-3W, Cemented wirebound, AC3W7.5CT-ND',108,'2322 329 03758BC','mwinfield','2005-11-10 15:13:48','A','',1),(709,104,7,'Resistor 5.0 ohm+-5%-3W, digikey AC-3W5.0CT-ND',20,'AC-3W5.0CT-ND','olipkind','2005-08-23 10:02:56','A','',1),(710,130,24,'Power supply, dual +-10V, 400mA, Acopian DB-10-40',94,'DB-10-40','olipkind','2005-08-23 10:07:04','A','',1),(711,104,8,'POT, 10K, conductive plastic pot., digikey 381N103-ND',20,'381N103-ND','olipkind','2005-08-23 13:52:50','A','',1),(712,129,8,'Attenuator voltage variable,  10-2500MHz, minicircuits',17,'ZX73-2500','olipkind','2005-08-23 14:31:57','A','',1),(713,134,2,'RF-Switch SPDT, DC to 5GHz, TTL, +-5V, ZYSW-2-50DR, minicircuits',17,'ZYSW-2-50DR','olipkind','2005-08-23 15:09:06','A','',1),(714,134,3,'Pin diode switch ZSDR-230, 10-3000MHz, TTL, +-5V, ZSDR-230, minicircuits',17,'ZSDR-230','olipkind','2005-08-23 15:18:33','A','',1),(715,125,11,'Power splitter, Two-Way, 2-1200MHz',49,'ZX10-2-12','mwinfield','2011-06-01 12:51:48','A','',1),(716,142,1,'PCB AD8318_EVAL, power meter 10MHz-9GHz , -60dBm to 0dBm, Analog Devices',5,'AD8318_EVAL','olipkind','2005-08-23 16:08:51','A','',1),(717,142,2,'BPM_IF_pa000001.003',104,'pa000001.003','olipkind','2005-08-24 09:46:34','A','',1),(718,121,99,'CONN HSG.,BHD MT., RVRS. SEX, AMP CPC, SIZE 23, 37 SKTS',25,'206306-1','mwinfield','2005-08-24 13:41:43','A','',1),(719,142,3,'PCB BPM IF test fixture pulse generator board pa00090000.000,  Lyncean,',104,'pa00090000.000','olipkind','2005-08-24 13:53:19','A','',1),(720,121,100,'CONN HSG,  2 POS .100 W/RAMP/RIB',28,'22-01-3027','mwinfield','2005-08-24 13:53:36','A','',1),(721,143,1,'Switch mechanical, SPDT, SMT, CKN1099CT-ND',20,'CKN1099CT-ND','olipkind','2005-08-24 16:08:49','A','',1),(722,121,101,'CONN. HSG,PLUG,CIRC PLASTIC, 14 POS, SIZE 17,RVRS SEX, MALE',25,'206044-1','mwinfield','2005-08-27 06:39:43','A','',1),(723,121,102,'CABLE CLAMP KIT, AMP CPC, SHELL SIZE 17, 0.453 MAX CABLE O.D.',25,'206070-1','mwinfield','2005-08-27 14:14:23','A','',1),(724,121,103,'PIN, CRIMP, AMP TYPE III+, 20-24AWG, 30u Au-Ni PL',25,'66103-4','mwinfield','2006-11-16 11:24:31','A','',1),(725,121,104,'CONN HSG, 2.5MM PITCH, 6 POS, PBT POLYESTER',28,'51103-0600','mwinfield','2005-08-27 08:15:40','A','',1),(726,121,105,'TERMINAL, CRIMP, 22-28AWG, Sn PL,  MOLEX 2.5mm Mini-Lock',28,'50351-8100','mwinfield','2010-08-24 07:36:03','A','',1),(727,118,10,'HARNESS WRAP, SPIRAL, 1/16-1/2 in. DIA., POLYESTER',102,'HWP-02-P','mwinfield','2005-08-27 08:35:22','A','',1),(728,121,106,'RECPT HSG, FREE-HANGING, RVRS SEX, SIZE 17, 14 POS.',25,'206043-3','mwinfield','2005-08-27 10:56:19','A','',1),(729,141,4,'CABLE, MULTICOND., 9PAIRS 22AWG, OVERALL SHLD, PVC JACKET',64,'9520','mwinfield','2005-08-27 11:01:20','A','',1),(730,121,107,'CABLE CLAMP KIT, AMP CPC, SHELL SIZE 17, 0.703 MAX CABLE O.D.',25,'206322-1','mwinfield','2005-08-27 14:17:22','A','',1),(731,121,108,'CONN. HSG,PLUG,CIRC PLASTIC, 16 POS, SIZE 17,STD, FEMALE',25,'206037-1','mwinfield','2005-08-27 15:03:58','A','',1),(732,121,109,'RCPTCL HSG, SQ. FLANGE, SIZE 17, 14 POS., RVRS SEX, FEMALE',25,'206043-1','mwinfield','2006-02-23 08:08:14','A','',1),(733,141,5,'CABLE, MULTICOND., 6 PAIRS 22AWG, OVERALL SHLD, PVC JACKET',64,'9516','mwinfield','2005-08-30 07:27:58','A','',1),(734,141,6,'CABLE, MULTICOND., 11 PAIRS 22AWG, OVERALL SHLD, PVC JACKET',64,'9521','mwinfield','2005-08-30 07:29:08','A','',1),(735,141,7,'CABLE, MULTICOND., 19 PAIRS 22AWG, OVERALL SHLD, PVC JACKET',64,'9526','mwinfield','2005-08-30 07:30:33','A','',1),(736,121,110,'RCPTCL HSG, SQ. FLANGE, RVRS SEX, FEMALE, SIZE 17, 9 POS.',25,'211769-1','mwinfield','2009-06-03 14:36:20','A','',1),(737,121,111,'CONN. HSG,PLUG,CIRC PLASTIC, 9 POS, SIZE 17,RVRS SEX, MALE',25,'211768-1','mwinfield','2005-08-30 07:38:42','A','',1),(738,121,112,'CONN. HSG,PLUG,CIRC PLASTIC, 9 POS, SIZE 17,STD, FEMALE',25,'211766-1','mwinfield','2005-08-30 07:39:59','D','',1),(739,121,113,'RCPTCL HSG, SQ. FLANGE, MALE, SIZE 17, 9 POS.',25,'211767-1','mwinfield','2005-08-30 07:41:58','A','',1),(740,121,114,'CONN HSG.,BHD MT., RVRS. SEX, AMP CPC, SIZE 23, 19 SKTS ',25,'211773-1','mwinfield','2010-09-13 06:19:24','A','',1),(741,121,115,'CONN. HSG,PLUG,CIRC PLASTIC, 19 POS, SIZE 23, RVRS SEX, MALE',25,'211772-1','mwinfield','2005-08-30 07:48:16','A','',1),(742,121,116,'CONN. HSG,PLUG,CIRC PLASTIC, 19 POS, SIZE 23,STD, FEMALE',25,'211770-2','mwinfield','2005-08-30 07:50:37','A','',1),(743,121,117,'RCPTCL HSG, SQ. FLANGE, MALE, SIZE 23, 19 POS.',25,'211771-1','mwinfield','2005-08-30 07:52:03','A','',1),(744,121,118,'CONN. HSG,PLUG,CIRC PLASTIC, 37 POS, SIZE 23,RVRS SEX, MALE',25,'206305-1','mwinfield','2005-08-30 07:55:05','A','',1),(745,121,119,'CONN. HSG,PLUG,CIRC PLASTIC, 37 POS, SIZE 23,STD, FEMALE',25,'206150-1','mwinfield','2005-08-30 07:56:49','A','',1),(746,121,120,'RCPTCL HSG, SQ. FLANGE, MALE, SIZE 23, 37 POS.',25,'206151-1','mwinfield','2005-08-30 08:18:10','A','',1),(747,104,9,'RES 301 OHM 1/4W 1% METAL FILM, AXIAL LEAD',12,'MFR-25FBF-301R','mwinfield','2005-08-30 13:23:23','A','',1),(748,104,10,'RES 475 OHM 1/4W 1% METAL FILM, AXIAL LEAD',12,'	MFR-25FBF-475R','mwinfield','2005-08-30 13:28:04','A','',1),(749,121,121,'CABLE CLAMP KIT, AMP CPC, SHELL SIZE 23, 0.703 MAX CABLE O.D.',25,'206138-8','mwinfield','2010-09-16 09:17:47','A','',1),(750,121,122,'RCPTCL HSG, SQ. FLANGE, SERIES II, REV. POLARITY FEMALE, SIZE 17, 28 POS.',25,'206038-1','mwinfield','2006-03-27 08:05:35','A','',1),(751,121,123,'CONN. HSG,PLUG,CIRC PLASTIC SERIES II, 28 POS, SIZE 17,RVRS SEX, MALE',25,'206039-1','mwinfield','2005-09-10 06:59:23','A','',1),(752,121,124,'CONN. HSG,PLUG,CIRC PLASTIC SERIES II, 28 POS, SIZE 17,STD, FEMALE',25,'205839-3','mwinfield','2005-09-10 07:01:32','A','',1),(753,121,125,'RCPTCL HSG, SQ. FLANGE, SERIES II, MALE, SIZE 17, 28 POS.',25,'205840-3','mwinfield','2005-09-10 07:03:29','A','',1),(754,144,1,'THERMOSTAT, PRECISION, KLIXON 7BT SERIES, 175 DEG. F, SPST, OPEN ON RISE, 15A',8,'7BT2L2A-12','mwinfield','2005-09-20 07:43:43','A','',1),(755,144,2,'THERMOSTAT, PRECISION, KLIXON 3BT SERIES, 175 DEG. F, SPST, OPEN ON RISE, 1.0A',8,'3BTL8-36','mwinfield','2005-09-20 07:44:19','A','',1),(756,144,3,'THERMOSTAT, PRECISION, KLIXON 7BT SERIES, 120 DEG. F, SPST, OPEN ON RISE, 15A',8,'7BT2L2F-1-0','mwinfield','2005-09-20 07:59:29','A','',1),(757,138,8,'TERMINAL BLOCK, 2 POLE, 2 TIER, 26-12AWG, 4 CLAMP POINTS, DIN MT.',105,'8WA2 011-2DG20','mwinfield','2005-09-20 08:18:22','A','',1),(758,145,1,'CPU MOD., SIMATIC S7-200 PLC, 14 x 24VDC I/P, 10 RELAY O/P, 120-240VAC PWR.',105,'6ES7 214-1BD23-0XB0','mwinfield','2005-09-20 10:54:06','A','',1),(759,145,2,'DIGITAL EXPANSION MOD., SIMATIC S7-200 PLC, 16 x 24VDC I/P, 16 RELAY O/P',105,'6ES7-223-1PL22-0XA0','mwinfield','2005-09-20 10:55:47','A','',1),(760,145,3,'ETHERNET/IT MODULE, SIMATIC S7-200 PLC, 16MB, SDRAM, 24VDC PWR.',105,'6GK7-243-1GX00-0XE0','mwinfield','2005-09-20 11:11:21','A','',1),(761,108,19,'MC74AC161D, synchronious presettable binary couter mod 4, SOIC-16, TTL, On-Semi',9,'MC74AC161D','olipkind','2005-09-22 14:39:18','A','',1),(762,107,48,'AD8611AR, comparator SO-8, Analog Device',5,'AD8611AR','olipkind','2005-09-22 17:00:59','A','',1),(763,145,4,'TOUCH PANEL, SIMATIC TP170micro, RS-485, 320x240 RES., 24VDC PWR.',105,'6AV6-640-0CA01-0AX0','mwinfield','2005-09-23 07:46:47','A','',1),(764,145,5,'ETHERNET MODULE, CP 243-1IT, INT. WEB SERVER, RJ45 I/F, 24VDC PWR.',105,'6GK7-243-1GX00-0XE0','mwinfield','2005-09-23 08:20:37','A','',1),(765,107,49,'AD8318ACPZ, logarithmic detector, 1MHz -8GHz, 60dB, LFCSP-16, analog devices',5,'AD8318ACPZ','olipkind','2005-09-23 18:10:07','A','',1),(766,130,25,'POWER SUPPLY, SITOP, 24VDC, 4.0A, 85-264 VAC IN, DIN MT.',105,'6EP1-332-1SH51','mwinfield','2005-09-24 06:52:32','A','',1),(767,101,41,'Cap., cer., SMT 100pF+-5%, 50V, NPO, 0402',107,'04025A101JAT2A','mwinfield','2011-04-14 05:45:41','A','',1),(768,101,42,'Cap, cer, SMT, 0.1uF+-10%, 10V,  X5R, 0402',214,'C1005X7R1A104K','mwinfield','2011-04-13 05:59:16','A','',1),(769,103,86,'Res, SMT 52.3 Ohm+-1%,1/16w, 0402, Panasonic ERJ-2RKF52R3X',15,' ERJ-2RKF52R3X','olipkind','2005-09-24 11:47:47','A','',1),(770,101,43,'Cap, Cer, SMT, 1000pF, +/-5%, 50V, NPO, 0402',39,'GRM1555C1H102JA01D','mwinfield','2011-04-14 05:02:48','A','',1),(771,126,24,'AC CORDSET, NEMA 5-15P, 8FT, 3 x 18 AWG, 10A, UL/CSA',106,'211018-06','mwinfield','2005-09-27 07:41:05','A','',1),(772,143,2,'Ultra-miniature SMT toggle, SPDT, G3T12AP, digikey  p/n 360-1026-ND',20,'360-1026-ND','olipkind','2005-10-12 09:24:26','A','',1),(773,121,126,'CONN., SHV JACK, BLKHD, FRONT MT., SOLDER CUP TERMINAL',74,'PE4239','mwinfield','2005-10-13 15:03:05','A','',1),(774,108,20,'MC74AC32D, Quad 2-Input OR Gate, TTL, SOIC-14, Onsemi',9,'MC74AC32D','olipkind','2005-10-20 16:02:47','A','',1),(775,103,87,'RESISTOR, 0.1 OHM, 1/8W, TKF, SMT, 0402 SZ',14,'ERJ-2BSFR10X','mwinfield','2005-10-25 13:47:52','A','',1),(776,121,127,'BACKSHELL, SHLD, STR, D-SUB 9 CONDUCTOR, DIE-CAST ZINC ALLOY',25,'5748676-1','mwinfield','2009-09-14 09:54:50','A','',1),(777,121,128,'BACKSHELL, SHLD, STR, D-SUB 15 CONDUCTOR, DIE-CAST ZINC ALLOY',25,'748676-2','mwinfield','2005-11-11 11:00:44','A','',1),(778,101,44,'Cap., tantalum 4.7uFx20V,  3216, AVX TAJA475K020R, digikey p/n 478-1668-1-ND',107,'TAJA475K020R','olipkind','2005-11-14 09:46:19','A','',1),(779,121,129,'CONN., D-SUB, 37 POS., MALE SHELL, CRIMP TYPE',25,'205210-8','mwinfield','2009-11-10 07:16:43','A','',1),(780,121,130,'BACKSHELL,  STR, D-SUB 37 CONDUCTOR, BLACK THERMOPLASTIC',89,'970-037-010-011','mwinfield','2005-11-15 14:06:15','A','',1),(781,121,131,'DIN Connectors, 48 pins, RT angle, Plug, PCB , AVX -10-8447-048-001-025',107,'10-8447-048-001-025','bwoo','2005-11-29 10:07:47','A','',1),(782,103,88,'Resistor, divider network, 20K/20K, 0.02%, 0.05W, SMT, Vishay DSM20K20KTCR2QTBW',11,'DSM20K20KTCR2QTBW','bwoo','2005-12-03 15:12:50','A','',1),(783,103,89,'Resistor, 600 Ohm. 0.01%, 0.3W, SMT, 1206, Vishay - VSMP1206600R00TCR0.2TBW',11,'VSMP 1206 600R00 TCR0.2 TBW','bwoo','2005-12-03 15:12:23','A','',1),(784,103,90,'Resistor, 25K, 0.01%, 0.3W, SMT, 1206, Vishay - VSMP120625K000TCR0.2TBW',11,'VSMP 1206 25K000 TCR0.2 TBW','bwoo','2005-12-03 15:59:58','A','',1),(785,104,11,'Resistor, 0.020 Ohm, 0.1%, 3W, Isotek A-H1-R020-F1-K2-0.1',109,'A-H1-R020-F1-K2-0.1','bwoo','2005-12-03 16:20:02','A','',1),(786,104,12,'Resistor, 0.050 Ohm, 2%, 3W, Isotek-PBH-R050-2.0',109,'PBH-R050-2.0','bwoo','2005-12-07 17:29:18','A','',1),(787,107,50,'Power Amplifier, 15Amps, 100Volts, Apex Microtechnology - MP111FD',110,'MP111FD','bwoo','2005-12-05 10:18:44','A','',1),(788,104,13,'Potentiometer CTX6, 10K, single turn, side adjust, CT6X103-ND, digikey',20,'CT6X103-ND','olipkind','2005-12-05 13:34:36','A','',1),(789,106,1,'Inductor, 10uH, 10%, 16Amps, Axial, Vishay/Dale IH10-10',111,'IH10-10','bwoo','2006-01-11 17:05:45','A','',1),(790,117,2,'Fuse Clip, PCB mout, 3AG Fuse,  Littlefuse - 122083',112,'122083','bwoo','2005-12-05 14:52:15','A','',1),(791,107,51,'DC-DC Converter, 15V, 33mA, 22-SOIC, C&D Technologies - NTV1215M',113,'NTV1215M','bwoo','2005-12-05 16:10:23','A','',1),(792,105,8,'Inductor, 1mH@1KHZ, 15%, 150mA, SMT, VISHAY -IHSM-4825-RE-1K0L',11,'IHSM-4825-RE-1K0-L','bwoo','2005-12-05 18:02:27','A','',1),(793,101,45,'Cap., Electrolytic, SMT, 1000uF, 25V, RoHS',114,'AFK108M25H32T-F','mwinfield','2011-04-14 05:39:34','A','',1),(794,101,46,'Capacitor, Ceramic, 1uF, 25V, +/-10%. SMT, 1206',107,'12063C105KAT2A','mwinfield','2011-04-14 07:11:51','A','',1),(795,107,52,'Ad8055AR, 300MHz, voltage feedback opamp, SOIC-8, Analog Devices',5,'AD8055AR','olipkind','2005-12-08 11:20:09','A','',1),(796,107,53,'Ad8055AR, 300MHz, voltage feedback opamp, SOIC-8, Analog Devices',5,'AD8055AR','olipkind','2005-12-08 11:21:31','D','',1),(797,103,91,'esistor 7 Ohm+-5%, SMT, TKF, 2512, Riedon, CRW2512-6RJ1',88,'CRW2512-6RJ1','olipkind','2005-12-08 11:56:11','A','',1),(798,101,47,'Capacitor, Ceramic, 2200PF, 50V, NPO, SMT, 0805',107,'08055A222JAT2A','mwinfield','2011-04-14 07:48:45','A','',1),(799,108,21,'SN74LS138DR, 3-line to 8-line decoder/demultiplexer, Digikey',20,'SN74LS138DR','olipkind','2005-12-14 14:36:16','A','',1),(800,143,3,'switch mech, CKN1302-ND, DIP, 8 pos., Digikey',20,'CKN1302-ND','olipkind','2005-12-14 16:29:26','A','',1),(801,102,1,'Cap, 0.1uF, +/-10%, 50V, Axial, Met. Poly., Vishay 632P104X9050',11,'632P104X9050','bwoo','2006-01-02 15:56:35','A','',1),(802,101,48,'Cap., Cer. SMT, 0.1uF, +/-10%, 100V, X7R, 1206, Vishay - VJ1206Y104KXBAT',11,'VJ1206Y104KXBAT','bwoo','2006-01-05 08:47:06','A','',1),(803,101,49,'Cap, SMT, PEN Film, 1uF, 100V, +/- 10%,  3925',14,'ECW-U1105KCV','mwinfield','2011-04-14 07:02:08','A','',1),(804,113,14,'Diode, MBR1535CT-T, Schottky Rectifiers, D2PAK,  Diode Incorporated MBRB1535CT-T',24,'MBRB1535CT-T','bwoo','2006-01-04 10:07:51','A','',1),(805,107,54,'Precision Diff. Amp., INA105KU, SO8, Burr-Brown',2,'INA105KU','bwoo','2006-01-04 14:29:05','A','',1),(806,103,92,'Resistor 10 Ohm +-1%, SMT, Wirewound, 2W, 4527, Vishay - WSC452710R00FEA',11,'WSC452710R00FEA','bwoo','2006-01-04 16:08:39','A','',1),(807,113,15,'Diode, Zener, 3.3V, 500mW, SOD-123, Diode Inc. - MMSZ5226B',24,'MMSZ5226B','bwoo','2006-01-05 07:47:09','A','',1),(808,103,93,'Resistor, 0.10 Ohm, 1/4W, +/-5%, 1206, Panasonic  - ERJ-8RSJR10V',15,'ERJ-8RSJR10V','bwoo','2006-01-11 16:51:44','A','Digi-Key P.10PCT-ND',1),(809,211,5,'scr',4,'1122','ablack','2006-01-12 09:38:32','D','yes',1),(810,121,132,'SMA right angle bulkhead jack receptacle, gold plated, 142-0701-501, Johnson',58,'142-0701-501','olipkind','2006-01-16 11:08:02','A','',1),(811,121,133,'CONN., SHV(F), BLKHD, CLAMP, RG-59',74,'PE4315','mwinfield','2006-01-16 13:33:52','A','',1),(812,103,94,'Cap., Electrolytic, Bipolar, 47uFx50V, +/-20%, Panasonic - ECE-A1HN470U',15,'ECE-A1HN470U','bwoo','2006-01-16 16:37:22','D','',1),(813,102,2,'Cap.,Electrolytic, Bipolar, 47uF, 50V, +/-20%, leaded, Panasonic  - ECE-A1H470U',15,'ECE-A1H470U','bwoo','2006-01-16 16:45:09','A','',1),(814,104,14,'Resistor, 0.050 Ohm, 1%, 3W, MP9100-0.050-1% Caddock',115,'MP9100-0.050-1%','bwoo','2006-01-19 09:20:34','A','',1),(815,117,3,'Fuse, 15 Amps, , 32V, 3AG, slow blow, Little Fuse - 0313015.HXP',112,'0313015.HXP','bwoo','2006-05-17 13:41:15','A','',1),(816,121,134,'D-sub connector, male, 25 pins, R/A PCB',25,'747842-6','mwinfield','2011-06-01 12:03:50','A','',1),(817,125,12,'POWER SPLITTER, 12 WAY, 2-100 MHZ, SMA(f)',35,'P12-01-409','mwinfield','2006-02-13 14:44:38','A','',1),(818,129,9,'ATTENUATOR, DIGITAL STEP,7BIT,0-63dB,0.5dB LSB, 1-200 MHZ, JFW  IND., 50P-1130',116,'50P-1130','mwinfield','2006-02-14 09:40:11','A','',1),(819,121,135,'CONN., D-SUB, 25 POS., MALE SHELL, CRIMP TYPE, AMP 207464-1',25,'207464-1','mwinfield','2006-02-14 15:20:18','A','',1),(820,121,136,'DIN Connector, 48 pins, Recpt., VT PCB,  AVX -20-8447-048-005-025',107,'20-8447-048-005-025','bwoo','2006-02-16 16:44:43','A','',1),(821,132,6,'DIRECTIONAL COUPLER, 6DB, 1.0-2.0 GHZ, SMA',35,'CS-06-436/7','mwinfield','2006-02-18 08:37:45','A','',1),(822,125,13,'POWER SPLITTER, 3-WAY, 2-300 MHZ, SMA',49,'ZCSC-3-R3','mwinfield','2006-02-18 10:43:59','A','',1),(823,121,137,'ADAPTER, BLKHD, N(F)-SMA(F), 4 HOLE FLANGE MOUNT',19,'901-9720','mwinfield','2006-02-21 07:33:47','A','',1),(824,136,3,'POWER ENTRY MODULE, 120/240VAC, FUSED, 3A, DPST SWITCH, FILTERED',62,'3EZLA2S','mwinfield','2006-02-20 07:25:07','A','',1),(825,121,138,'CONN, D-SUB, PINS, 9 POS, Pi FILTERED, 4000PF, SOLDER CUP TERM.',71,'56-701-015','mwinfield','2006-02-20 13:52:22','D','',1),(826,121,139,'D-SUB Connector, 15 pins, Receptacle, Vertical PCB, Post Length 0.188\", Nut on Mating Side, NORCOMP - 172-015-212-031',117,'172-015-212-031','bwoo','2006-02-20 17:04:28','A','Digi-Key # 4515F-ND',1),(827,121,140,'CONN, D-SUB, PINS, 9 POS, Pi FILTERED, 4000PF, SOLDER CUP TERM.',71,'56-701-015','mwinfield','2006-02-21 07:56:22','A','',1),(828,121,141,'Connector, D-sub, 37 pins, receptacle, vertical, front metal shell, AMP, p/n 747301-8',25,'747301-8','olipkind','2006-02-21 16:38:25','A','',1),(829,121,142,'RCPTCL HSG, SQ. FLANGE, MALE, SIZE 11, 4 POS.',25,'206061-1','mwinfield','2006-02-23 07:52:04','A','',1),(830,121,143,'RCPTCL HSG, SQ. FLANGE, MALE, SIZE 13, 7 POS.',25,'211401-1','mwinfield','2006-02-23 07:57:38','A','',1),(831,121,144,'RCPTCL HSG, SQ. FLANGE, SIZE 17, 14 POS., RVRS SEX, FEMALE',25,'206043-1','mwinfield','2006-02-23 08:06:25','D','',1),(832,121,145,'Connector, 6 pins, Vertical PCB, locked, Molex p/n 43160-0106',28,'43160-0106','olipkind','2006-02-23 14:52:21','A','',1),(833,115,2,'RELAY, DRY CIRCUIT, 4PDT, 1A@28VDC CNTCT, 24VDC COIL, SOLDER/ SOCKET TERMS.',118,'KHAU17D16-24','mwinfield','2009-08-05 09:00:02','A','',1),(834,121,146,'SOCKET, RELAY, SCR. TERM., 14 POS.',118,'27E166','mwinfield','2006-02-24 10:46:40','A','',1),(835,136,4,'POWER ENTRY MODULE, DPST SW., DUAL VLTG.,DUAL FUSE, 6A. FILTER SHIELD',62,'PS0SXDS6A','mwinfield','2006-02-24 13:35:52','A','',1),(836,143,4,'Switch mech, SPDT, miniature toggles, GC p/n 35-0004-0000',119,'','olipkind','2006-02-24 13:53:13','A','',1),(837,104,15,'RES., METAL FILM, 33 OHM, 1/4W, 1%, AXIAL LEAD',14,'ERO-S2PHF33R0','mwinfield','2006-02-27 11:34:13','A','',1),(838,115,3,'Relay, SPST, NO, 5V, 20ma, COTO p/n 9202-05-00, digikey p/n 306-1069-ND',20,'306-1069-ND','olipkind','2006-02-27 15:37:48','A','',1),(839,113,16,'LED, RED, throughhole, Vf=2.1V, If=6mA, Lumex p/n SSF-LXH100HD-01, digikey p/n 67-1308-ND',20,'67-1308-ND','olipkind','2006-02-27 16:16:25','A','',1),(840,121,147,'PLUG, BOARD MT., 100 POS., .050',27,'P50E-100P1-S1-TG','mwinfield','2007-09-19 07:51:47','A','',1),(841,121,148,'PIN, CRIMP, AMP TYPE III+, 30-26 AWG, AU-NI',25,'66429-3','mwinfield','2006-03-02 08:50:46','A','',1),(842,121,149,'SOCKET, CRIMP, AMP TYPE III+, 30-26 AWG, AU-NI',25,'66428-3','mwinfield','2006-03-02 08:52:05','A','',1),(843,141,8,'CABLE, RIBBON, RND JACKET,BLK, 37 COND., .050 SPACING, 28AWG',27,'3759/37','mwinfield','2006-03-02 13:54:02','A','',1),(844,141,9,'CABLE, RIBBON, RND JACKET,BRAID/FOIL SHLD, BLK, 37 COND., .050 SPACING, 28AWG',27,'3659/37','mwinfield','2006-03-02 13:57:22','A','',1),(845,141,10,'CABLE, RIBBON, RND JACKET,BRAID/FOIL SHLD, BLK, 9 COND., .050 SPACING, 28AWG',27,'3659/9','mwinfield','2006-03-02 13:58:56','A','',1),(846,125,14,'POWER SPLITTER, 2-WAY, 2.95-7.1GHZ, SMA(f)',49,'ZX10-2-71','mwinfield','2006-03-03 07:22:08','A','',1),(847,125,15,'POWER SPLITTER,12-WAY, 4.9-5.5 GHZ, SMA(f)',35,'PS12-tbd-455/1S','mwinfield','2006-03-03 07:31:32','A','',1),(848,119,9,'FILTER, HIGH PASS, STOPBAND=DC-1.65GHz, Fco=1.995GHz, SMA(M-F)',49,'VHP-19','mwinfield','2006-03-06 08:52:33','A','',1),(849,132,7,'DIRECTIONAL COUPLER, 20DB, 5-1000 MHZ, SMA',49,'ZX30-20-4','mwinfield','2006-03-06 13:27:03','A','',1),(850,132,8,'DIRECTIONAL COUPLER, 20DB, 800-2000 MHZ, SMA',49,'ZNDC-20-2G','mwinfield','2006-03-06 14:10:26','A','',1),(851,113,17,'LED, RED/GREEN,  snap-fit in, CML p/n 5100H1, digikey p/n L10008-ND',20,'L10008-ND','olipkind','2006-03-06 14:18:24','A','',1),(852,125,16,'POWER SPLITTER, 3-WAY, 2-4.2 GHz, SMA(f)',49,'ZA3PD-4-S','mwinfield','2008-01-14 09:31:55','A','',1),(853,125,17,'POWER SPLITTER, 3-WAY, 1-2 GHz, SMA(f)',49,'ZA3PD-2-S','mwinfield','2008-01-14 09:31:29','A','',1),(854,125,18,'POWER SPLITTER, 2-WAY, 1.9-4.2 GHZ, SMA(f)',49,'ZX10-2-42','mwinfield','2006-03-06 14:28:19','A','',1),(855,122,8,'OSCILLATOR, OCXO, 10MHz, ULTRA-LOW PHASE NOISE, SMA(f) CONN., +15VDC',120,'YH1322-42','mwinfield','2006-03-06 14:38:57','A','',1),(856,121,150,'HEADER, VERT, MICRO-FIT 3.0, SNGL ROW,2 POS.',28,'43650-0215','mwinfield','2006-03-06 16:01:01','A','',1),(857,121,151,'HEADER, VERT, MICRO-FIT 3.0, SNGL ROW,3 POS.',28,'43650-0315','mwinfield','2006-03-06 16:02:23','A','',1),(858,121,152,'RECEPTACLE HSG., MICRO-FIT 3.0, SNGL ROW,2 POS.',28,'43645-0200','mwinfield','2006-03-06 16:04:45','A','',1),(859,121,153,'RECEPTACLE HSG., MICRO-FIT 3.0, SNGL ROW, 3 POS.',28,'43645-0300','mwinfield','2006-03-06 16:06:18','A','',1),(860,121,154,'HEADER, 3 POS., VERT., FRICTION LCK, .100\"CNTR',28,'22-23-2031','mwinfield','2006-03-07 08:04:43','A','',1),(861,121,155,'CONN HSG, 3 POS, CRIMP TERM, .100\" CNTR, LOCKING RAMP, POL. RIBS',28,'22-01-3037','mwinfield','2006-03-06 16:25:46','A','',1),(862,103,95,'Resistor, 10 Ohm, 0.25%, 1/4 W, SMT, 1206, Vishay - VFC120610R000',18,'VFC120610R000','bwoo','2006-03-06 17:51:49','A','',1),(863,102,3,'CAP, .047uF, C0G, 5%, 200V, CERAMIC, CONF. COAT, RADIAL LEAD',13,'C340C473J2G5CA','mwinfield','2006-03-07 14:05:37','A','',1),(864,102,4,'CAP, 1000pF, C0G, 5%, 100V, CERAMIC, CONF. COAT, RADIAL LEAD',13,'C315C102J1G5CA','mwinfield','2006-03-07 14:27:15','A','',1),(865,130,26,'POWER SUPPLY, 5VDC, 5A, SWITCHING REG., 85-264 VAC IN',57,'RS-25-5','mwinfield','2012-10-19 09:13:22','A','',1),(866,121,156,'CONN, CIRC, MIL-C-5015 STYLE, BOX RCPTCL, SLDR TRM, SZ 20 SHELL,  7 #12 SOCKETS',19,'97-3102A-20-15S','mwinfield','2006-03-13 15:05:30','A','',1),(867,121,157,'CONN. HSG,CPC SERIES 3, SIZE 23, 7 POS.,RVRS SEX, FEMALE',25,'206227-1','mwinfield','2006-03-14 08:03:40','A','',1),(868,121,158,'CONTACT, PIN, CRIMP, AMP TYPE XII, 16-12 AWG, AU/ NI PL',25,'66261-2','mwinfield','2006-03-14 08:53:43','A','',1),(869,121,159,'CONTACT, SOCKET, CRIMP, AMP TYPE XII, 16-12 AWG, AU/ NI PL',25,'66740-6','mwinfield','2006-03-14 08:53:25','A','',1),(871,121,161,'TERMINAL, CRIMP, 18-20 AWG, PHOSPHOR BRNZ, MOLEX .156',28,'08-52-0113','mwinfield','2007-11-07 09:02:17','A','',1),(872,121,162,'CONN HSG, 3 POS, .156 CTR., W/ LOCKING RAMP',28,'09-50-8031','mwinfield','2006-08-31 10:39:45','A','',1),(873,138,9,'TERM. BLK., 6 POS, DOUBLE ROW .375 PITCH, SERIES 76',28,'38760-0106','mwinfield','2006-03-17 09:50:01','A','',1),(874,121,163,'CONN HSG, 4 POS, .156 CTR., W/ LOCKING RAMP',28,'09-50-8041','mwinfield','2006-08-31 10:42:17','A','',1),(875,121,164,'CONN, 2 POS., PCB, Termination Blocks, 6.35mm CNTR, MKDSV 5/2-6.35',128,'1710056','bwoo','2006-05-03 16:41:53','A','',1),(876,121,165,'CONN, 3 POS., PCB, Termination Blocks, 6.35mm CNTR, MKDSV 5/3-6.35',128,'1710085','bwoo','2006-05-03 16:43:21','A','',1),(877,113,18,'Diode, Zener, 12.0V, 1W, Surface Mount, SMA, Diodes Inc. - SMAZ12',24,'SMAZ12','bwoo','2006-04-14 15:13:14','A','Digi-Key - SMAZ12-FDICT-ND',1),(878,129,10,'ATTENUATOR, RVRS. VLTG. CNTL., 0-45 DB, 0-5VDC, CF=2856MHZ, BW=285MHZ, SMA(F)',61,'VAX-45-2856-285-S','mwinfield','2006-04-20 13:35:57','A','',1),(879,129,11,'ATTENUATOR, RVRS. VLTG. CNTL., 0-45 DB, 0-5VDC, CF=1428MHZ, BW=142.8MHZ, SMA(F)',61,'VAX-35-1428-142.8-S','mwinfield','2006-04-20 13:18:16','A','',1),(880,108,22,'Triple ECL to LVPECL translator MC100LVEL90, SOIC-20, onsemi',9,'mc100lvel90','olipkind','2006-04-20 15:41:35','A','',1),(881,117,4,'Fuse Holder, Panel Mt., holds 5x20mm & (1/4 \" x 11/4 \") fuse, Interpower Corp.  80910090',122,'80910090','bwoo','2006-04-24 13:19:58','A','',1),(882,121,166,'CONN, Terminal Blocks, Panel Mt., 1 Pol. 600V, 85AMPS, Phoenix Contact - HDFKV 16',128,'3001734','bwoo','2006-05-03 16:54:49','A','',1),(883,121,167,'CONN., Terminal Blocks, Fixed Bridge, 76 Amps, Phoenix Contact, FBI 10-10',128,'0203276','bwoo','2006-05-17 08:50:17','A','',1),(884,121,168,'CONN., Terminal Blocks, Panel Mt., TWIN, 65 Amps, 800V, Phoenix Contact - UK 10-TWIN',128,'3005196','bwoo','2006-05-17 08:24:07','A','',1),(885,121,169,'CONN., Circular, Metal, Panel Mt., 3#16 Recpt., ITT-CANNON -  CA20COME10SL-3SB',127,'CA20COME10SL-3SB','bwoo','2006-04-26 11:21:27','A','',1),(886,131,9,'PDH-6050, 6-bit programmable delay, 3.15ns range, 50ps resolution, ECL, ELMEC',59,'PDH-6050','olipkind','2006-04-24 13:43:10','A','',1),(887,121,170,'CONN., Circular, Metal, Panel Mt., 3#12  Recpt,  Amphenol AIB30-16-10SS',124,'AIB30-16-10SS','bwoo','2006-04-26 11:06:56','A','',1),(888,121,171,'CONN, Circular, Metal, Panel Mt., 4 #12 Recpt, ITT-CANNON - CA20COME18-10SB',127,'CA20COME18-10SB','bwoo','2006-04-26 11:15:08','A','',1),(889,121,172,'CONN., Circular, Metal, Panel Mt., 5#12 Recpt, ITT-CANNON  CA20COME18-11SB',127,'CA20COME18-11SB','bwoo','2006-04-26 11:20:28','A','',1),(890,117,5,'Circuit Breaker, 125 Amps, 3 Pol, Up to 480VAC,  Panel Mt. , Cutler Hammer  EGB3125FFG',125,'EGB3125FFG','bwoo','2006-04-26 08:04:56','A','',1),(891,117,6,'Circuit Breaker, 80 Amps, 3 Pol, up to 480VAC, Panel Mt., Cutler Hammer EGB3080FFG',125,'EGB3080FFG','bwoo','2006-05-16 17:58:33','A','',1),(892,117,7,'Circuit Breaker, 70 Amps, 3 Pol, up to 480VAC, Panel Mt., Cutler Hammer EGB3070FFG',125,'EGB3070FFG','bwoo','2006-05-18 16:54:35','A','',1),(893,117,8,'Circuit Breaker, 30 Amps, 3 Pol, up to 480VAC, Panel Mt., Heinemann - AM3R-A3-LC07D-AB-30-2',126,'AM3R-A3-LC07D-AB-30-2','bwoo','2006-04-26 08:38:51','A','',1),(894,117,9,'Circuit Breaker, 15 Amps, 3 Pol, upt to 480VAC, Panel Mt., Heinemann - AM3R-A3-LC07D-AB-15-2',126,'AM3R-A3-LC07D-AB-15-2','bwoo','2006-04-26 09:09:17','A','',1),(895,108,23,'MAX3230E, RS-232 transivers, UCSP, Maxim',21,'MAX3230E','olipkind','2006-04-26 09:23:09','A','',1),(905,102,5,'CAP, .047uF, X7R, 10%, 200V, CERAMIC, CK05 SERIES, RADIAL LEAD',0,'CK05BX473K','mwinfield','2006-05-04 09:09:34','A','',1),(896,130,27,'PWR SUPPLY, LINEAR REG., 2VDC@ 3.0A, 110 VAC INPUT',56,'A2NT300','mwinfield','2006-05-01 08:39:00','A','',1),(897,130,28,'PWR SUPPLY, SINGLE, 15VDC, 3.3A, SWITCHING REG., ENCAPSULATED',56,'15WB330','mwinfield','2006-05-01 08:41:23','A','',1),(898,121,173,'8-PIN MOLEX CONNECTOR, VERTIVAL, 15A, MOLEX P/N 39860-0508',28,'39860-0508','olipkind','2006-05-01 11:57:03','A','',1),(899,125,19,'POWER SPLITTER, 8-WAY, 2.0-4.2 GHz, SMA (f)',49,'ZB8PD-4-S','mwinfield','2006-05-02 08:52:11','A','',1),(900,125,20,'POWER SPLITTER, 6-WAY, 0.6-1.7 GHz, SMA (f)',49,'ZB6PD-17','mwinfield','2006-05-02 08:52:56','A','',1),(901,125,21,'POWER SPLITTER,12-WAY, 1-200 MHZ, SMA(f)',49,'ZFSC-12-1-S','mwinfield','2006-05-02 08:58:03','A','',1),(902,127,7,'AMPLIFIER, RF, 0.7-3.5 GHZ, G=16dB TYP., O.P.=+25dBM, NF=4.5dB, +7VDC to +17VDC, SMA(f)',49,'ZRL-3500','mwinfield','2006-05-02 09:29:43','A','',1),(903,108,24,'MC100LVEL91, 3.3V  triple LVPECL input to -3.3v to -5.0V ECL output translator, SO-20, ONsemi',9,'MC100LVEL91DW','olipkind','2006-05-02 16:02:25','A','',1),(904,121,174,'CONN., Terminal Blocks, Panel Mt., 1 Pol, 600V, 115Amps, Phoenix Contact - HDFKV 25',128,'0709039','bwoo','2006-05-03 17:18:00','A','',1),(906,102,6,'CAP, .047uF, X7R, 10%, 200V, CERAMIC, CK05 SERIES, RADIAL LEAD',0,'CK05BX473K','mwinfield','2006-05-04 09:10:10','A','',1),(907,102,7,'CAP, .047uF, X7R, 10%, 50V, CERAMIC,CK05 SERIES, RADIAL LEAD',129,'CK05BX473K','mwinfield','2006-05-04 09:17:15','A','',1),(908,102,8,'CAP, .1000pF, X7R, 10%, 200V, CERAMIC,CK05 SERIES, RADIAL LEAD',129,'CK05BX102K','mwinfield','2006-05-04 09:13:57','A','',1),(909,102,9,'CAP, 0.1uF, X7R, 10%, 50V, CERAMIC,CK05 SERIES, RADIAL LEAD',129,'CK05BX104M','mwinfield','2006-05-04 09:24:07','A','',1),(910,107,55,'DC-DC Converter, 12V, 166mA, SIP C&D Technologies - NML1212S',113,'NML1212S','bwoo','2006-05-05 13:40:23','A','',1),(911,115,4,'Relay, SPST, NO, 12V, 12mA, COTO 9001-12-01',130,'9001-12-01','bwoo','2006-05-10 11:45:24','A','',1),(912,113,19,'Dioce, Zener, 12V,DO-41, Thru Hole,  1N4742A',131,'1N4742A','bwoo','2007-09-12 13:09:53','A','JAMECO #36169',1),(913,108,25,'MAX9370ESA, LVTTL/TTL to differential LVPECL/PECL translator, SO-8, MAXIM',21,'MAX9370ESA','olipkind','2006-05-10 17:18:01','A','',1),(914,103,96,'Resistor 200 ohm+-1%,  SMT, TKF, 1/16W, 0603, Panasonic ERJ-3EKF2000V',15,'ERJ-3EKF2000V','olipkind','2006-05-11 14:40:28','A','',1),(915,103,97,'Resistor 66.5ohm+-1%, SMT, TKF, 1/16W. 0603, Panasonic ERJ-3EKF66R5V',15,'ERG-3EKF66R5V','olipkind','2006-05-11 14:39:26','A','',1),(916,103,98,'Resistor 10k+-1%, SMT, TKF, 1/16W, 0603, Panasonic ERJ-3EKF1002V',15,'ERJ-3EKF1002V','olipkind','2006-05-11 14:38:51','A','',1),(917,103,99,'Resistor 100ohm+-1%, SMT, TKF, 1/16w, 0603, Panasonic ERJ-3EKF1000V',15,'ERJ-3EKF1000V','olipkind','2006-05-11 14:51:25','A','',1),(918,107,56,'FAN1585AMC15X, 5A adjustable/fixed low droput linear regulator, TO-263, Fairchild',131,'FAN1585AMC15X','olipkind','2006-05-12 15:28:40','A','',1),(919,101,50,'Cap. Tantalum, 100uF, 6.3V, 6032 Case Size',107,'TPSC107K006R0150','mwinfield','2011-04-14 05:48:57','A','',1),(920,108,26,'AT93C46-10PU-2.7 Three-wire serial EEPROM, 1K, Atmel',132,'AT93C46-10PU-2.7','olipkind','2006-05-12 16:47:39','A','',1),(921,108,27,'XC18V04PC44C, IN-SYSTEM PROGRAMMABLE PROM, 44-PIN PLASTIC LEADED CHIP CARRIER PC44, XILINX',133,'XC18V04PC44C','olipkind','2006-05-15 10:42:35','A','',1),(922,103,100,'Resistor, SMT, 4.75k+-1%, 0603, ERJ-3EKF4751V, Panasonic',15,'ERJ-3EKF4751V','olipkind','2006-05-15 18:14:42','A','',1),(923,121,175,'7 pin Header, VT-PCB, 0.1',28,'22-28-4070','mwinfield','2011-06-01 12:05:01','A','',1),(924,108,28,'MAX3380EEUP, RS-232 transiver, TSSOP-20, Maxim',21,'MAX3380EEUP','olipkind','2006-05-17 11:06:46','A','',1),(925,117,10,'Fuse, 15 Amps, 250V, 1/4 x 1 1/4, Time Delay, Interpower Corp. 813MDA-15',122,'813MDA-15','bwoo','2006-05-18 16:56:13','A','',1),(926,117,11,'FUSE, 10 Amps, 250V, 1/4 x 1 1/4, Time Delay, Interpower Corp. 813MDA-10',122,'813MDA-10','bwoo','2006-05-17 13:46:47','A','',1),(927,121,176,'CONN. , Circular, Cable Plug,  3#16 plug',127,'CA06COME10SL-3PB','bwoo','2006-05-18 16:30:52','A','',1),(928,121,177,'CONN., Circular, Cable Plug, 3#12 Plug',127,'CA06COME16-10PB','bwoo','2006-05-18 16:42:19','A','',1),(929,121,178,'CONN., Circular, Cable Plug, 4#12 Plug',127,'CA06COME18-10PB','bwoo','2006-05-18 16:49:40','A','',1),(930,121,179,'CONN., Circular, Cable Plug, 5#12 Plug',127,'CA06COME18-11PB','bwoo','2006-05-18 16:52:15','A','',1),(931,110,1,'XC2V500-4FG456C, FPGA, FG456 package with 256 usable I/O, 1mm pitch BGA, Xilinx',134,'XC2V500-4FG456C','olipkind','2006-05-19 16:32:00','A','',1),(932,107,57,'LT3021-ADJ, low voltage, 500mA very low dropout linear regulator, SOIC-8, Linear',135,'LT3021-ADJ','olipkind','2006-05-19 17:11:24','A','',1),(933,103,101,'Resistor, SMT, TKF, 5.62K+-1%, 1206, Panasonic ERJ-8ENF5621V',15,'ERJ-8ENF5621V','olipkind','2006-05-19 17:41:01','A','',1),(934,108,29,'ADM3202ARUZ, RS-232 translator, TSSOP-16, Analog Devices',5,'ADM3202ARUZ','olipkind','2006-05-23 11:37:27','A','',1),(935,143,5,'SWITCH, MOMENTARY, SEALED  TACT, 50mA MAX., SMT',26,'KSC341G','mwinfield','2006-05-23 15:56:14','A','',1),(936,103,102,'Resistor, SMT, 110ohm+-1%, TKF, 1206, 1/4 W, Panasonic ERJ-8ENF1100V',15,'ERJ-8ENF1100V','olipkind','2006-05-24 11:30:21','A','',1),(937,121,180,'TERM., CRIMP, for .156 CTR. HSG., 18-24AWG., AU PL',28,'08-56-0106','mwinfield','2006-05-25 08:47:17','A','',1),(938,103,103,'Resistor, SMT, TKF, 45.3 K+-1%, 1/16W, 0603, Panasonic ERJ-3EKF4532V',15,'ERJ-3EKF4532V','olipkind','2006-05-25 17:17:57','A','',1),(939,130,29,'PWR SUPPLY, LINEAR REG., 18VDC@ 2.1A, 0.25mV RIPPLE, 110 VAC INPUT',56,'A18MT210','mwinfield','2006-05-26 07:40:42','A','',1),(940,101,51,'Capacitor,SMT, 2.2uFx16V, 10%, 1206 (3216 Metric)',107,'TAJA225K016R','mwinfield','2011-04-14 07:29:32','A','',1),(941,101,52,'Capacitor, Tantalum, 10.0uF x 20V, 3528',107,'TAJB106K020R','mwinfield','2011-04-07 07:09:23','A','',1),(942,113,20,'BAS40-05, Schottky Barrier Diode,  SMT, SOT-23, Diode corp.',136,'BAS40-05','olipkind','2006-05-30 15:35:31','A','',1),(943,107,58,'TPS75715KTT, low-dropout voltage regulator, 1.5V out, 3A, TO-263, TI',8,'TPS75715KTT','olipkind','2006-05-31 09:10:13','A','',1),(944,101,53,'Capacitor 0.1uF, 6.3V, +-20%, X5R, 0201',39,'GRM033R60J104KE19D','mwinfield','2011-04-13 05:52:25','A','',1),(945,108,30,'MC74VHC1G126, noninverting 3-state buffer, SOT-353, ONsemi',9,'MC74VHC1G126','olipkind','2006-06-01 16:43:50','A','',1),(946,101,54,'Capacitor, SMT, ceramic, 0.01uF, 6.3V, +-10%, X5R, 0201',39,'GRM033R60J103KA01D','mwinfield','2011-04-13 05:15:10','A','',1),(947,101,55,'Capacitor, SMT, ceramic, 1000pF, 25v, +-10%, X7R, 0201',39,'GRM033R71E102KA01D','mwinfield','2011-04-14 04:55:59','A','',1),(948,121,181,'CONN, PLGBLE TERM. BLK., 8 POS., 0.2\" PITCH, SCR. CLAMP, 180 DEG. WIRE ENT., 15A, RoHS   ',28,'39530-0008','mwinfield','2012-10-18 14:21:08','A','',1),(1195,107,77,'CURRENT SENSOR, HIGH SENSITIVITY, VDD=5V, VOUT= 0.05V- 4.95V, I PRIMARY= 0A-10A',175,'CSA10.0-02','mwinfield','2007-08-17 13:17:56','A','',1),(949,121,182,'HEADER, 4 POS., .156 PITCH, VERT., FRCTN LCK, AU PL',28,'26-61-4040','mwinfield','2006-06-02 15:10:59','A','',1),(950,103,104,'Resistor 187 ohm+-1%, SMT, TKF, 0603, Panasonic  ERJ-3EKF1870V',15,'ERJ-3EKF1870V','olipkind','2006-06-15 11:48:13','A','',1),(951,103,105,'Resistor  SMT, TKF,100 ohm, +-1%, 1/16W, 0402, Panasonic ERJ-2RKF1000V',15,'ERJ-2RKF1000V','olipkind','2006-06-22 16:48:55','A','',1),(952,103,106,'Resistor, SMT, TKF, 187 ohm, +-1%, 1/16W, 0402, Panasonic ERJ-2RKF1870V',15,'ERJ-2RKF1870V','olipkind','2006-06-22 16:51:47','A','',1),(953,121,183,'Connector, 2mm, shroulded, keyed, through-hole mount, p/n 2422-14G2 Comm Conn',137,'2422-14G2','olipkind','2006-06-27 09:16:50','A','',1),(954,103,107,'Resistor SMT, TKF, 44.2ohm +-1%, 1/2w, 2010, Panasonic ERJ-12SF44R2U',15,'ERJ-12SF44R2U','olipkind','2006-07-10 10:23:41','A','',1),(955,130,30,'PWR SUPPLY,24VDC@7.5A,90-265 VAC IN,SWITCHING,SNGL OUTPUT',56,'W24NT750','mwinfield','2006-07-27 15:50:29','A','',1),(956,107,59,'ADG601BRM, analog Switch, 2 ohm Ron, +-5V, rail to rail, 8-MSOP, Analog Devices',5,'ADG601BRM','olipkind','2006-07-28 16:42:21','A','',1),(957,107,60,'ADG602BRM, analog Switch, 2 ohm Ron, +-5V, rail to rail, 8-MSOP, Analog Devices',1,'ADG602BRM','olipkind','2006-07-28 16:45:25','A','',1),(958,125,22,'POWER SPLITTER, 4-WAY, 4.6-5.8 GHz, SMA(f)',49,'ZB4PD1-5.8','mwinfield','2006-08-01 07:27:22','A','',1),(959,125,23,'POWER SPLITTER, 8-WAY, 4.0-8.0 GHz, SMA (f)',35,'PS8-09-454/4S','mwinfield','2006-07-31 07:18:36','A','',1),(960,141,11,'CABLE, MULTICOND., 8 SHIELDED PAIRS, 20AWG, OVERALL SHLD, PVC JACKET',159,'L32008','mwinfield','2007-04-10 14:33:43','A','',1),(961,141,12,'CABLE, MULTICOND., 24 SHIELDED PAIRS, 20AWG, OVERALL SHLD, PVC JACKET',159,'L32024','mwinfield','2007-04-10 14:35:15','A','',1),(962,141,13,'CABLE, MULTICOND., 20 PAIRS, 20AWG, OVERALL SHLD, PVC JACKET',159,'L12020','mwinfield','2007-04-10 14:38:25','A','',1),(963,141,14,'CABLE, MULTICOND., 8 PAIRS, 20AWG, OVERALL SHLD, PVC JACKET',159,'L12008','mwinfield','2007-04-10 14:37:15','A','',1),(964,121,184,'CABLE CLAMP KIT, AMP CPC, SHELL SIZE 23, 1.125 MAX CABLE O.D., SELF CENTERING',25,'207774-1','mwinfield','2006-08-03 06:58:54','A','',1),(965,107,61,'ADG782BCP, quad analog switch, 2.5 ohm SPST, Analog Devices',5,'ADG782BCP','olipkind','2006-08-04 15:02:19','A','',1),(966,103,108,'Resistor SMT, TKF, 45.3K+-1%, 0805, 1/10W, Panasonic ERJ- 6ENF4532V',15,'ERJ- 6ENF4532V','olipkind','2006-08-04 16:32:51','A','',1),(967,103,109,'Resistor SMT, TKF, 45.3K+-1%, 0805, 1/10W, Panasonic ERJ- 6ENF5492V',15,'ERJ- 6ENF5492V','olipkind','2006-08-04 16:37:05','A','',1),(968,103,110,'Resistor SMT, TKF, 90.9K+-1%, 0805, 1/10W, Panasonic ERJ- 6ENF9092V',15,'ERJ- 6ENF9092V','olipkind','2006-08-04 16:51:00','A','',1),(969,121,185,'KEYING PLUG INSERT, FOR AMP CPC SERIES 1 CONNECTORS',25,'200821-1','mwinfield','2006-08-07 10:11:47','A','',1),(970,107,62,'ADG721BRM Analog Switch, Dual, +5V, 4 ohm Ron max, 9-MSOP, Analog Devices',5,'ADG721BRM','olipkind','2006-08-07 11:14:28','A','',1),(971,107,63,'Comparator CMP402GS, quad, 65 ns delay, SOIC-16, Analog Devices',5,'CMP402GS','olipkind','2006-08-09 17:57:30','A','',1),(972,121,186,'Connector, DIN-32, Receptacle, Eurocard, Type B, RoHS, 32 pos., 4.57 [0.180] solder posts',25,'5650858-5','mwinfield','2012-02-24 13:48:12','A','',1),(973,121,187,'connector, DIN-32, pin assembly, eurocard, type .5B, right angle PCB, p/n 536053-5',25,'536053-5','olipkind','2006-08-10 15:53:57','A','',1),(974,138,10,'TERM. BLK, UK 35 TYPE, 1 POLE, 18-0 AWG, 150A, 1000V, 2 CLAMP POINTS, DIN MT.',128,'3008012','mwinfield','2006-08-15 06:27:32','A','',1),(975,138,11,'TERM. BLK, FEEDTHRU, HDFK 95 TYPE, 1 POLE, 4-000 AWG, 232A, 1000V, 2 CLMP PNTS, PNL MNT',128,'0709534','mwinfield','2006-08-15 06:49:15','A','',1),(976,138,12,'FIXED BRIDGE , TERM. BLK., 3 POS.,INSUL. SCREW, FBI 3-15, FOR UK 35, 150A',128,'0201278','mwinfield','2006-08-15 07:25:12','A','',1),(977,138,13,'PARTITION PLATE, TERM. BLK, INSULATED, 7.5mm THK., TP-UK 35',128,'3008096','mwinfield','2006-08-15 07:31:27','A','',1),(978,138,14,'FIXED BRIDGE , TERM. BLK., 2 POS.,INSUL. SCREW, FBI 2-15, FOR UK 35, 150A',128,'0201333','mwinfield','2006-08-15 08:47:39','A','',1),(979,121,188,'CONNECTOR HSG., RECPT., COMBO-D, 8W8, 8 #8 AWG CNTCTS.',127,'DCM8W8SA197','mwinfield','2006-08-15 09:46:07','A','',1),(980,121,189,'CONTACT, RCPTCL., COMBO-D CONN.,  SIZE 8, 40A, SOLDER CUP, AU PL',127,'DM53744-1','mwinfield','2006-08-15 15:12:35','A','',1),(981,121,190,'RCPTCL HSG, SQ. FLANGE, FEMALE, SIZE 11, 4 POS., REV. POL.',25,'206430-1','mwinfield','2006-08-15 13:06:41','A','',1),(982,127,8,'AMPLIFIER MODULE, L-BAND, 500W, G=60dB MIN., 1dB COMP.= +54dBm, +12VDC@160A MAX.',139,'5300783','mwinfield','2006-08-15 13:18:56','A','',1),(983,126,25,'CABLE ASSY, COAX, HAND FORMABLE SEMIRIGID, .250 O.D., SMA(M) TO N(F) BLKHD, L= 6 IN.',74,'PE34163-6','mwinfield','2006-08-15 13:49:17','A','',1),(984,126,26,'CABLE ASSY, COAX, HAND FORMABLE SEMIRIGID, .250 O.D., SMA(M) TO N(F) BLKHD, L= 12 IN.',74,'PE34163-12','mwinfield','2006-08-15 13:50:37','A','',1),(985,126,27,'CABLE ASSY, COAX, HAND FORMABLE SEMIRIGID, .250 O.D., N(M) TO N(F) BLKHD, L= 6 IN.',74,'PE34150-6','mwinfield','2006-08-15 13:58:51','A','',1),(986,126,28,'CABLE ASSY, COAX, HAND FORMABLE SEMIRIGID, .250 O.D., N(M) TO N(F) BLKHD, L= 12 IN.',74,'PE34150-12','mwinfield','2006-08-15 13:59:41','A','',1),(987,132,9,'DIRECTIONAL COUPLER, DUAL, 50DB, 1400 MHZ, 750W, N(m) IN, N(f) OUT, SMA(f) CPLD PORTS',140,'CF-B76','mwinfield','2006-08-15 14:45:55','A','',1),(988,121,191,'SOCKET, CRIMP, FOR AMP CPC SER.1 HSG, 16-18 AWG, AU PL',25,'66101-3','mwinfield','2006-08-16 07:26:50','A','',1),(989,129,12,'ATTENUATOR, DC-6 GHz, SMA(M-F), 30dB',49,'VAT-30','mwinfield','2006-08-16 09:56:10','A','',1),(990,107,64,'AD783AR, Very high speed sample/hold, 8-SOIC, Analog Devices',5,'AD783AR','olipkind','2006-08-16 10:17:15','A','',1),(991,121,192,'ADAPTER,  BLKHD, N(f)-N(f),11GHz, Ni Pl Br',124,'82-66','mwinfield','2006-08-17 09:24:41','A','',1),(992,126,29,'CABLE ASSY, COAX, HAND FORMABLE SEMIRIGID, .250 O.D., N(M) TO N(M),  L= 12 IN',74,'PE34149-12','mwinfield','2006-08-17 09:54:30','A','',1),(993,127,9,'AMPLIFIER MODULE, C.F.= 2856 MHz, PK. OUT= +50dBm MAX., I.P.= 0dBm NOM., +15VDC, AC CPLD INPUT',139,'5302376','mwinfield','2006-08-17 11:13:36','A','',1),(994,121,193,'ADAPTER, \"T\", SMA(F-M-F), BRASS, NI PL',74,'PE9182','mwinfield','2006-08-17 13:43:02','A','',1),(995,130,31,'PWR SUPPLY,LINEAR REG., DUAL TRKG, +/-5VDC@250MA.',56,'DB5-25','mwinfield','2006-08-17 14:24:10','A','',1),(996,130,32,'PWR SUPPLY,1200W, 15VDC@80A, 85-264 VAC IN,SWITCHING,SNGL OUTPUT',73,'iMP1-3N0-3N0-0-B-3','mwinfield','2006-08-17 14:59:34','A','',1),(997,138,15,'TERM. BLK, UIK 35 TYPE, 1 POLE, 18-2 AWG, 130A, 600V, 2 CLAMP POINTS, DIN MT.',128,'3006182','mwinfield','2006-08-18 09:34:46','A','',1),(998,138,16,'TERM. BLK, GROUND, UISLKG 35 TYPE, 18-2 AWG, 125A, 2 CLAMP POINTS, DIN MT.',128,'0443065','mwinfield','2006-08-18 09:47:24','A','',1),(999,138,17,'TERM. BLK, FDTHRU, HDFK 95-F-VP, 1 POLE, 4-000 AWG, 232A, 2 INT/ EXT. CLMP PNTS,  PNL MNT',128,'0709916','mwinfield','2006-08-18 10:37:38','A','',1),(1000,138,18,'TERM. BLK, GROUND, UK 10-TWIN-PE TYPE, 1 POLE, 20-6 AWG, 76A, 3 CLAMP POINTS, DIN MT.',128,'3001433','mwinfield','2006-08-18 13:03:29','A','',1),(1001,121,194,'Verical pluggable SR BTS RWE ASSY, 5.08 [.200] centers, molex, p/n 39860-0208',28,'39860-0208','olipkind','2006-08-29 16:02:34','A','',1),(1002,130,33,'Power supply LPS22, 5VDC, 5A, switching, 25W, 50mV ripple, ASTEC',73,'LPS22','olipkind','2006-08-29 17:01:26','A','',1),(1003,130,34,'PWR Supply A3.3NT350, 3.3VDC, 3.5A, Single, Linear, Narrow Profile, Acopian',56,'A3.3NT350','olipkind','2006-08-29 17:31:48','A','',1),(1004,130,35,'PWR Supply, A2MT1200, 2VDC, 12A, Single, Linear, Acopian',56,'A2MT1200','olipkind','2006-08-29 17:48:08','A','',1),(1005,130,36,'PWR Supply, W12FT580, 12VDC, 5.8A, single, Linear, Acopian',56,'W12FT580','olipkind','2006-08-29 18:05:39','A','',1),(1006,138,19,'TERM. BLK, PIK6-PE/L/L TYPE, 2 POLE, w/ GROUND, 24-8 AWG, 44A, 250V, 5 CLAMP POINTS, DIN MT.',128,'2714271','mwinfield','2006-08-31 08:50:04','A','',1),(1007,138,20,'TERM. BLK, UK 1,5 N TYPE, 1 POLE, 26-16 AWG, 17A, 275V, 2 CLAMP POINTS, DIN MT.',128,'3005837','mwinfield','2006-08-31 08:59:10','A','',1),(1008,138,21,'TERM. BLK, GROUND, USLKG 1,5N TYPE, 26-16 AWG, 2 CLAMP POINTS, DIN MT.',128,'3005853','mwinfield','2006-08-31 09:03:44','A','',1),(1009,138,22,'COVER, TERM. BLOCK, D-UK 2,5 TYPE, GREY',128,'3001022','mwinfield','2006-08-31 11:35:56','A','',1),(1010,138,23,'FIXED BRIDGE , TERM. BLK., 10 POS., DIVISIBLE, INSUL. SCREW, FBRI 10-8N, for PIK6-PE/L/L, 44A',128,'2772080','mwinfield','2006-08-31 11:55:24','A','',1),(1011,117,12,'Circuit Breaker, 20 Amps, 3 Pol,  up to 480VAC, Panel Mt., Heinemann - AM3R-A3-LC07D-AB-20-2',126,'AM3R-A3-LC07D-AB-20-2','bwoo','2006-09-13 13:07:23','A','',1),(1012,113,21,'LED, RED, 3.5-6.5 VDC, 150 OHM INT. RES., 22AWG WIRE LEADS, .310 MTG. HOLE',23,'2191L1-6V','mwinfield','2006-09-15 11:18:12','A','',1),(1013,113,22,'LED INDICATOR, PNL MNT, RED, 6 VDC,  15mA,  INT. RES., BLK PAINTED BRS, 0.366 DIA. MTG HOLE',29,'609-1122-120','mwinfield','2006-09-19 08:25:08','A','',1),(1014,138,24,'TERM. BLK, UHV 95-AS/AS TYPE, 1 POLE,  232A, 1000V, 2 CLAMP POINTS, M13 MTG. BOLT, DIN MT.',128,'2130020','mwinfield','2006-09-27 07:21:38','A','',1),(1015,139,3,'FAN, 12VDC, 80mm x 25mm,  19.4CFM, 17dB(A)',141,'8412NLE','mwinfield','2006-10-04 15:06:17','A','',1),(1016,121,195,'COUPLER, FEEDTHRU, CAT5e, SHIELDED, MJ-MJ, BULKHEAD MT.',95,'	TDG1026KS-C5E','mwinfield','2006-10-16 09:09:35','A','',1),(1017,146,1,'CONVERTER MODULE, SERIAL- ETHERNET, 10/ 100MBPS AUTOSENSING, +5VDC @ 300mA',142,'eCOV-110','mwinfield','2006-10-18 07:07:41','A','',1),(1018,101,56,'Capacitor SMT, 2000pF, 5%, MICA, 2220',114,'MC22FA202J-F','mwinfield','2011-04-14 07:38:57','A','',1),(1019,121,196,'RCPTCL HSG, FREE HANGING, CPC, RVRS SEX(F), SIZE 23, 37 POS.',25,'206306-2','mwinfield','2006-11-09 08:40:18','A','',1),(1020,121,197,'CONN HSG,  PLUG, 2 POS, .062 DIA. CNTCTS,  W/DETENT, NYLON',28,'03062023','mwinfield','2007-11-27 13:15:36','A','',1),(1021,121,198,'CONN HSG, RCPTCL, 2 POS, .062 DIA. CNTCTS., W/DETENT, NYLON',28,'03061023','mwinfield','2007-11-27 13:16:15','A','',1),(1022,121,199,'CONN HSG, D-SUB 37 MALE, PER MIL-C-24308, AMP SERIES 109',25,'205168-1','mwinfield','2006-11-14 07:41:38','A','',1),(1023,121,200,'CONN HSG, D-SUB 37 FEMALE, PER MIL-C-24308, AMP SERIES 109',25,'205167-1','mwinfield','2006-11-14 07:43:38','A','',1),(1024,121,201,'CNTCT, PIN, SCREW -MACHINED, 20-24AWG, M39029/64-369',25,'205089-1','mwinfield','2006-12-06 15:34:05','A','',1),(1025,121,202,'CNTCT, SCKT, SCREW -MACHINED, 20-24AWG, M39029/63-368',25,'205090-1','mwinfield','2006-12-06 15:34:47','A','',1),(1026,121,203,'CONN., D-SUB, 37 POS., FEM. SHELL, CRIMP TYPE, ZINC PL',25,'205209-7','mwinfield','2009-09-28 14:13:48','A','',1),(1027,121,204,'CONN HSG, D-SUB 15 MALE, PER MIL-C-24308, AMP SERIES 109',25,'205164-1','mwinfield','2006-11-14 08:43:55','A','',1),(1028,121,205,'CONN HSG, D-SUB 15 FEMALE, PER MIL-C-24308, AMP SERIES 109',25,'205163-1','mwinfield','2006-11-14 08:45:28','A','',1),(1029,128,26,'WIRE, HOOKUP, 20AWG,STRND 19/32,TFE INS.,VIOLET',51,'5856 VI','mwinfield','2006-11-14 09:27:01','A','',1),(1030,128,27,'WIRE, HOOKUP, 20AWG,STRND 19/32,TFE INS.,BLACK',51,'5856 BK','mwinfield','2006-11-14 09:27:45','A','',1),(1031,128,28,'WIRE, HOOKUP, 20AWG,STRND 19/32,TFE INS.,RED',51,'5856 RD','mwinfield','2006-11-14 09:28:38','A','',1),(1032,128,29,'WIRE, HOOKUP, 20AWG,STRND 19/32,TFE INS.,ORANGE',51,'5856 OR','mwinfield','2006-11-14 09:29:43','A','',1),(1033,128,30,'WIRE, HOOKUP, 20AWG,STRND 19/32,TFE INS.,BROWN',51,'5856 BR','mwinfield','2006-11-14 09:30:11','A','',1),(1034,128,31,'WIRE, HOOKUP, 20AWG,STRND 19/32,TFE INS.,BLUE',51,'5856 BL','mwinfield','2006-11-14 09:30:47','A','',1),(1035,128,32,'WIRE, HOOKUP, 20AWG,STRND 19/32,TFE INS.,WHITE',51,'5856 WH','mwinfield','2006-11-14 09:38:53','A','',1),(1036,121,206,'PIN, CRIMP, AMP TYPE III+, 20-24AWG, 30u Au PL',25,'66103-4','mwinfield','2011-03-17 11:07:12','A','',1),(1037,121,207,'BACKSHELL,  STR, D-SUB 15,METALLIZED ABS PLSTC, THMBSCRWS',143,'3002-15-T','mwinfield','2006-11-14 10:27:28','A','',1),(1038,104,16,'RES., METAL FILM, 220 OHM, 1/4W, 1%, AXIAL LEAD',14,'ERO-S2PHF2200','mwinfield','2006-11-14 13:36:27','A','',1),(1039,121,208,'CONN HSG, D-SUB 9 FEMALE, PER MIL-C-24308, AMP SERIES 109',25,'205161-1','mwinfield','2006-11-16 10:19:26','A','',1),(1040,121,209,'BACKSHELL, STR, D-SUB 37,METALLIZED ABS PLSTC, THMBSCRWS',143,'3002-37-T','mwinfield','2006-11-20 09:19:52','A','',1),(1041,115,5,'Ultra-thin SPST-NO flat relay, G6L-1F-3VDC, Omron',77,'G6L-1F-3VDC','olipkind','2006-11-20 13:58:30','A','',1),(1042,128,33,'WIRE, HOOKUP, 18AWG,STRND ,16/30, PVC ,RED, MIL-W-76B, 1KV, 100ft.',51,'1555 RD005','mwinfield','2006-11-22 08:32:25','A','',1),(1043,128,34,'WIRE, HOOKUP, 18AWG,STRND ,16/30, PVC ,BLACK, MIL-W-76B, 1KV, 100ft.',51,'1555 BK005','mwinfield','2006-11-22 08:34:44','A','',1),(1044,107,65,'ADM1086AKS, sequencer, SC70 package, Analog Devices',5,'ADM1086AKS','olipkind','2006-11-22 09:34:53','A','',1),(1045,121,210,'FERRULE, WIRE TERM., 20-18AWG., 8mm L, W/ INS. COLLAR, GRAY, IAW DIN 46 228-4',3,'7950K85','mwinfield','2007-08-16 10:11:45','A','',1),(1046,108,31,'MDC3105LT1, Integrated Relay inductive load driver, SO-23,  On Semi',9,'MDC3105','olipkind','2006-11-22 11:05:38','A','',1),(1047,121,211,'CONN., D-SUB, 25 POS., FEMALE SHELL, CRIMP TYPE',25,'205207-1','mwinfield','2006-11-28 10:58:34','A','',1),(1048,141,15,'CABLE, MULTICOND., 9 SHLDED PRS, 22 AWG, OVERALL SHLD, PVC JACKET',64,'9332','mwinfield','2006-12-05 08:11:02','A','',1),(1049,121,212,'CONN. HSG,PLUG,CIRC PLASTIC SERIES II, 57 POS, SIZE 23,RVRS SEX, MALE',25,'206437-1','mwinfield','2006-12-05 15:10:57','A','',1),(1050,121,213,'CONN. HSG,PLUG,CIRC PLASTIC SERIES II, 63 POS, SIZE 23,STD, FEMALE',25,'205842-1','mwinfield','2006-12-05 15:16:29','A','',1),(1051,121,214,'RCPTCL HSG, SQ. FLANGE, CPC SERIES 2, FEM., SIZE 23, 57 POS., REV. POL.',25,'206438-1','mwinfield','2006-12-07 14:05:59','A','',1),(1052,107,66,'AD8117AR, 250MHz, 10ns switching multiplexer w/amp, SOIC-8, Analog Devices',5,'AD8174AR','olipkind','2006-12-08 11:34:34','A','',1),(1053,101,57,'Cap SMT, MICA, 1000pF,100V, +-5%, RoHS',114,'MC22FA102J-F','mwinfield','2011-04-14 05:21:23','A','',1),(1054,101,58,'Capacitor SMT, 240pF, +-5%, MICA, 1210, Cornell Dubilier, MC12FA241J , digi-key p/n 338-1029-ND',1,'338-1029-ND','olipkind','2006-12-08 17:04:27','D','',1),(1055,107,67,'ADA4899-1, unity-gain stable, 1nV/Hz noise, high-speed opamp, SOIC-8, Analog Devices',5,'ADA4899-1','olipkind','2006-12-11 09:17:36','A','',1),(1056,105,9,'Inductor SMT, 100nH+-5%, 0603, Q=30@800MHz, Panasonic ELJ-RER10JF3, digi-key p/n PCD1201CT-ND',20,'PCD1201CT-ND','olipkind','2006-12-11 11:15:29','A','',1),(1057,101,59,'Cap., Ceramic, SMT, 39000pF+-10%, 25V, 0805, X7R',107,'08055C393KAT2A','mwinfield','2011-04-14 12:55:26','A','',1),(1058,107,68,'AD8310ARM, Logarithmic amplifier, 440MHz, 95dB dynamic range, MSOP-8, Analog Devices',5,'AD8310ARM','olipkind','2006-12-11 16:54:30','A','',1),(1059,142,4,'PCB ASSY, CONTROLLER, THERMOELECTRIC COOLER (TEC)',144,'P-1','mwinfield','2006-12-12 09:44:45','A','',1),(1060,107,69,'AD783JR, high speed sample-and-hold amplifier, SOIC-8, Analog Devices',5,'AD783JR','olipkind','2006-12-12 10:48:42','A','',1),(1061,112,2,'MOSFET, Vgs= +/- 20V, Id=53A, Pd=120W, TO-247 pkg.',145,'IRFP044N','mwinfield','2006-12-12 11:23:19','A','',1),(1062,147,1,'DRIVER MODULE, LASER DIODE, I(out)= 120A PK. PULSED, PW= 1.0mS MAX.',146,'779A','mwinfield','2006-12-12 13:54:30','A','',1),(1063,147,2,'HIGH VOLTAGE SWITCH DRIVER MODULE, POCKELS CELL',147,'RPR-44-0.5-HV','mwinfield','2006-12-12 14:12:54','A','',1),(1064,147,3,'POWER SUPPLY, HIGH VOLTAGE,  INRAD RPR TYPE',147,'RPR HVPS','mwinfield','2006-12-12 14:58:57','A','',1),(1065,143,6,'SWITCH,SUBMINIATURE, SPDT,LEVER ACTUATED, 3A, PCB SNAP-IN TERM.',148,'ZX40C30C01','mwinfield','2006-12-13 08:26:20','A','',1),(1066,148,1,'MOTORIZED FLIPPER, OPTICS, 1 INCH, WITH HANDPAD CONTROLLER',149,'8892','mwinfield','2006-12-13 08:58:49','A','',1),(1067,148,2,'ACTUATOR, SERVOMOTOR, 12VDC,  12mm TRAVEL RANGE, 256:1 GEAR REDUCTION',150,'Z612','mwinfield','2006-12-14 06:58:09','A','',1),(1068,149,1,'THERMISTOR, 10K, UNCALIBRATED, 30AWG Ni LEADS, TE INS.',151,'TS-520','mwinfield','2006-12-14 07:08:56','A','',1),(1069,150,1,'COOLER, THERMOELECTRIC, I (max)= 3.7A, V (max)= 8.2V, LAPPED OPTION',152,'DT6-4-01L','mwinfield','2006-12-14 07:43:06','A','',1),(1070,107,70,'SMP04Es, sample and hold amplifier, SO-16, Analog Devices',5,'SMP04ES','olipkind','2006-12-14 15:39:16','A','',1),(1071,151,1,'DIODE BAR, LASER, 795 nM, 100W QUASI-CW, CONDUCTION COOLED',153,'B1-79-100-OP-60-90A','mwinfield','2007-01-09 09:43:21','A','',1),(1072,121,215,'CONN, BNC, BLKHD JACK, HEX CRIMP; RG 174, 188, 316; Ni PL, Au CTR CNTCT',25,'5413771-3','mwinfield','2007-01-29 13:48:49','A','',1),(1073,138,25,'TERM. BLK, PIK6-PE/L/N TYPE, 2 POLE, w/ GROUND, 24-8 AWG, 44A, 250V, 5 CLAMP POINTS, DIN MT.',128,'2714297','mwinfield','2007-03-12 12:06:54','A','',1),(1074,139,4,'FAN, 115VAC, 119mmx38mm, 110CFM, 45db',154,'4715FS-12T-B50-D00','bwoo','2007-02-14 16:20:19','A','',1),(1075,121,216,'4 - Header, Socket, Cable Mt., 20Amps, DF22 Series, Standard Polarizing, Hirose Electric, DF22-4S-7.92C(28)',43,'DF22-4S-7.92C(28)','bwoo','2007-02-14 16:44:58','A','',1),(1076,139,5,'FAN, 115VAC, 135mm x 135mm x 38mm, 158CFM, 50dba',155,'5606S','bwoo','2007-02-15 08:35:20','A','',1),(1077,130,37,'PWR SUPPLY,15VDC@11A,90-265 VAC IN,SWITCHING,SNGL OUTPUT',56,'W15NT1110','bwoo','2007-02-15 09:20:29','A','',1),(1078,121,217,'CONN., Circular, Metal, Panel Mt., 37#16 Recpt, ITT-CANNON CA02COME28-21SB',127,'CA02COME28-21SB','bwoo','2007-02-15 11:02:23','A','',1),(1079,121,218,'CONN., Circular, Metal, Panel Mt., 8#12 Recpt, ITT-CANNON CA02COME22-23SB',127,'CA02COME22-23SB','bwoo','2007-02-15 11:11:14','A','',1),(1080,121,219,'Conn. Circualr. Melal, 4 #16 Recpt, Panel Mt.,  ITT CANNON - CA02COME14S-2SB',127,'CA02COME14S-2SB','bwoo','2007-02-15 11:24:58','A','',1),(1081,138,26,' TERM. BLK, FEEDTHRU, HDFK 50-VP TYPE, 1 POLE, 6-0 AWG, 150A, 690V, PNL MNT',121,'HDFK 50-VP','bwoo','2007-02-15 12:00:03','A','',1),(1082,121,220,'Ring Lug, 4AWG, 5/16 Stud,',156,'54139','bwoo','2007-02-15 15:28:16','A','',1),(1083,131,10,'Programmable Delay Line 3D7428S-0.25, 63.75ns range, 0.25ns resolution, Data Delay Devices',63,'3D7428S-0.25','olipkind','2007-02-20 16:15:33','A','',1),(1084,139,6,'FAN, 12VDC, 80mm x 25mm, 26.5CFM, 19dB(A)',155,'8412NGMLE','mwinfield','2007-02-22 08:22:24','A','',1),(1085,138,27,'TERM. BLK., MINIATURE, 24-10awg, 2 CLAMP PTS, 500V(rms), 41A,, MBK5/E-Z TYPE',128,'1402940','mwinfield','2007-03-12 12:07:30','A','',1),(1086,138,28,'TERM. BLK, MINIATURE, GROUND, 24-10 AWG, 2 CLAMP PTS., MBK5/E-Z-PE TYPE',128,'0452043','mwinfield','2007-03-06 14:26:50','A','',1),(1087,138,29,'FIXED BRIDGE , TERM. BLK., 10 POS., DIVISIBLE, INSUL. SCREW, FBI 10-6N, for MBK 5/E-Z',128,'0203250','mwinfield','2007-03-06 14:34:35','A','',1),(1088,138,30,'END COVER, TERM. BLK., GREY PLSTC., FOR MBK 5/E-Z TYPE',128,'1415021','mwinfield','2007-03-06 14:39:08','A','',1),(1089,138,31,'PARTITION PLATE, TERM. BLK, INSULATED, 2.5mm THK., ATP-MBK TYPE',128,'1413227','mwinfield','2007-03-06 14:42:44','A','',1),(1090,121,221,'TERMINAL,CRIMP,MOLEX .062\", MALE, Sn PL. BRASS',28,'02-06-2103','mwinfield','2007-03-09 08:03:09','A','',1),(1091,121,222,'TERMINAL,CRIMP,MOLEX .062\", FEMALE, Sn PL. BRASS',28,'02-06-1103','mwinfield','2007-03-09 08:04:08','A','',1),(1092,126,30,'CABLE ASSY, COAX, HAND FORMABLE SEMIRIGID, .250 O.D., SMA(m)-SMA(m), L= 30 IN.',74,'PE34188LF-30','mwinfield','2007-04-20 06:35:07','A','',1),(1093,126,31,'CABLE ASSY, COAX, HAND FORMABLE SEMIRIGID, .250 O.D., N(M) TO N(F), L= 14 IN.',74,'PE34293LF-14','mwinfield','2007-04-20 06:40:23','A','',1),(1094,121,223,'PLUG, MODULAR, RJ45(8x8), CRIMP, CATEGORY 5',95,'TSP3788C5','mwinfield','2007-03-19 12:44:36','A','',1),(1095,141,16,'CABLE, CATEGORY 5E, 8 PR, 24 AWG, STRND, PVC',95,'TC2382','mwinfield','2007-03-19 12:51:35','A','',1),(1096,146,2,'SWITCH, PLUG AND PLAY, 8 PORT, 10BASE-T/100BASE-TX ETHERNET, 10-36VDC, 8-24VAC, 6W',158,'EISK8-100T','mwinfield','2007-03-19 13:21:28','A','',1),(1097,139,7,'FAN, 12VDC, 119mm x 25mm, 55.3CFM, 26dB(A)',155,'4412FGL','mwinfield','2007-03-29 05:42:12','A','',1),(1098,121,224,'CONN. HSG,RCPTCL, BLKHD MT.,CIRC PLASTIC SERIES II, 63 POS, SIZE 23,STD, MALE',25,'205843-1','mwinfield','2007-04-11 10:12:39','A','',1),(1099,141,17,'CABLE, MULTICOND., 12 SHIELDED PAIRS, 20AWG, OVERALL SHLD, PVC JACKET',159,'L32012','mwinfield','2007-04-11 15:09:37','A','',1),(1100,121,225,'CONN., Circular, Metal, Panel Mt., 29#16 Recpt, Amphenol, MS27508E24F29S',19,'MS27508E24F29S','bwoo','2007-04-16 11:37:34','A','Vendor PEI Genesis',1),(1101,121,226,'CONN., Circular, Metal, Panel Mt., 37#22 Recpt, Amphenol, MS27508E14F35S',19,'MS27508E14F35S','bwoo','2007-04-16 13:18:26','A','',1),(1102,121,227,'BNC feedthru, Panel Mt., Jack to Jack, Amphenol, 31-220N-RFX',19,'31-220N-RFX','bwoo','2007-04-16 13:50:54','A','Newark 93F1409',1),(1103,151,2,'POCKEL CELL, INRAD PKC-21',147,'PKC-21','bwoo','2007-04-17 08:21:22','A','',1),(1104,121,228,'HEADER, 4 POS., VERT., FRICTION LCK, 0.100\" CNTR',28,'22-23-2041','bwoo','2007-04-17 09:45:24','A','Digi-key # WM4202-ND',1),(1105,121,229,'HEADER, 6 POS., VERT., FRICTION LCK, 0.100\" CNTR',28,'22-23-2061','bwoo','2007-09-12 10:56:14','A','Digi Key # WM4204-ND  ',1),(1106,126,32,'CABLE ASSY, COAX, HAND FORMABLE, .145 O.D., SMA(M) STR-STR, L= 12 IN',160,'P1-SMAP/SMAP-141CJ-12','mwinfield','2007-04-20 07:27:37','A','',1),(1107,121,230,'Connector 0.050\" wire mount connectors 100P wiremount skt, P50E-100S-TG, 3M',27,'P50E-100S-TG','olipkind','2007-04-20 10:59:18','A','',1),(1108,121,231,'Connector, Amplimite 0.050 in. cable plug 100P',25,'1-750913-9','mwinfield','2007-04-27 06:30:06','A','',1),(1109,126,33,'3M Round, Jacketed, flat Cable, 3659/50, 50 conductors, .050\" 28 AWG Stranded, PVC/PVC, Black Jacket',27,'3659/50','olipkind','2007-04-25 14:59:12','A','',1),(1110,102,10,'CAP, 4700UF, AL. ELECTROLYTIC, 25VDC,  20%, AXIAL LEAD',161,'MCHT472M1EB-1836-RH','mwinfield','2007-04-26 08:39:38','A','',1),(1111,104,17,'RES., CARBON COMP., 20K OHM, 1/2W, 5%, AXIAL LEAD',161,'MCRC1/2G203JT-RH','mwinfield','2007-04-26 08:50:26','A','',1),(1112,103,111,'Resistor SMT, 1K+-5%, 5KV, 1W , MC102 size, OHMITE p/n MC102821001JE, digikey p/n MC102JE-1K-ND',20,'','olipkind','2007-04-26 10:43:49','A','',1),(1113,103,112,'Resistor 348 OHM, 1%, 1/8W, 0805, Panasonic ERJ-6ENF3480V',15,'ERJ-6ENF3480V','olipkind','2007-04-26 14:40:13','A','',1),(1114,107,71,'Differential Amplifier, AD8138AR, High Speed - 500MHZ, SOIC-8, Analog Devices',5,'AD8138AR','olipkind','2007-05-01 11:20:53','A','',1),(1115,126,34,'CABLE ASSY, COAX, HAND FORMABLE, .145 O.D., SMA(M) STR-STR, L= 18 IN',160,'P1-SMAP/SMAP-141CJ-18','mwinfield','2007-05-03 08:24:48','A','',1),(1116,113,23,'LED, RED, 635nm, T-5mm(T-1 3/4), 2V,  40mcd, I(f)=20Ma',162,'SSL-LX5093LID','mwinfield','2007-05-03 11:25:55','A','',1),(1117,126,35,'CABLE ASSY, COAX, RG-316, SMA(M)-SMA(M), 18 IN.',74,'PE3573-18','mwinfield','2007-05-03 11:20:50','A','',1),(1118,121,232,'CONN, HSG, 6 POS, 0.100 CTR, W/LOCKING RAMP',28,'22-01-3067','bwoo','2007-05-07 09:59:34','A','DIGIT KEY# WM2004-MD',1),(1119,121,233,'CONN HSG, PLUG, 9 POS. .06D2 PITCH, W/DETENT, NYLON',28,'03-06-2091','bwoo','2007-05-07 16:36:29','A','',1),(1120,121,234,'CONN HSG, RCPTCL, 9 POS, .062 DIA. CNTCTS., W/DETENT, NYLON',28,'03-06-1091','mwinfield','2007-11-27 13:18:06','A','',1),(1121,101,60,'Capacitor Cer., 510pF, 5%, 50V, 0603, NPO',39,'GRM1885C1H511JA01D','mwinfield','2011-04-15 08:26:46','A','',1),(1122,101,61,'Capacitor, cer. 2200PF, 50V, NPO, SMT 0805, Panasonic ECJ-2VC1H822J',15,'ECJ-2VC1H822J','mwinfield','2011-04-15 12:11:52','D','',1),(1123,126,36,'CABLE ASSY, COAX, HAND FORMABLE, .141 O.D., SMA(M) STR-STR, L= 11 IN.',160,'P1-SMAP/SMAP-141CJ-11','mwinfield','2007-05-24 12:57:55','A','',1),(1124,126,37,'CABLE ASSY, COAX, HAND FORMABLE, .141 O.D., SMA(M) STR-STR, L= 16 IN.',160,'P1-SMAP/SMAP-141CJ-16','mwinfield','2007-05-24 12:59:34','A','',1),(1125,126,38,'CABLE ASSY, COAX, HAND FORMABLE, .141 O.D., SMA(M) STR-STR, L= 15 IN.',160,'P1-SMAP/SMAP-141CJ-15','mwinfield','2007-05-24 13:00:51','A','',1),(1126,126,39,'CABLE ASSY, COAX, HAND FORMABLE, .085 O.D., SMA(M) STR-STR, L= 9 IN.',160,'P1-SMAP/SMAP-085CJ-9','mwinfield','2007-05-24 13:01:56','A','',1),(1127,107,72,'LM340T-5, Voltage Regulator, +5V output, 1A, TO-220 package, National',6,'LM340T-5','olipkind','2007-05-30 15:42:13','A','',1),(1128,107,73,'CMP401GS, low voltage comparator, +5V, SOIC-16, Analog Devices',5,'CMP401GS','olipkind','2007-05-30 15:56:06','A','',1),(1129,107,74,'LT1713CMS8, comparator dual, rail to rail, SOIC-8,Linear Technology',40,'LT1713CMS8','olipkind','2012-03-20 14:31:33','A','',1),(1130,112,3,'TRANSISTOR, 2N3904, NPN, 40V, 200mA, TO-92',131,'2N3904TFR','mwinfield','2007-06-06 11:28:25','A','',1),(1131,126,40,'CABLE ASSY, COAX, HAND FORMABLE, .085 O.D., SMA(M) STR-STR, L= 10 IN.',160,'P1-SMAP/SMAP-085CJ-10','mwinfield','2007-06-04 13:16:16','A','',1),(1132,126,41,'CABLE ASSY, COAX, HAND FORMABLE, .085 O.D., SMA(M) STR-STR, L= 11 IN.',160,'P1-SMAP/SMAP-085CJ-11','mwinfield','2007-06-04 13:19:18','A','',1),(1133,126,42,' CABLE ASSY, COAX, HAND FORMABLE, .085 O.D., SMA(M) STR-STR, L= 20 IN',176,'cnf-0b010b-20','mwinfield','2007-08-30 13:43:00','A','',1),(1134,141,18,'CABLE, RND. COND., FLAT RIBBON, 28AWG(7x36), 50 CONDUCTOR, GREY',51,'3580/50','mwinfield','2007-06-04 14:34:20','A','',1),(1135,152,1,'PWR DETECTOR, .01-8 GHZ, -50dBm to +15dBm, O.P. = 0.5 to 2.1 VDC, SLOPE = -25mV/dB, +5VDC BIAS',49,'ZX47-50+','mwinfield','2011-07-28 10:59:07','A','RoHS ',1),(1136,121,235,'CONN, SMA JACK, .062 PCB, END LAUNCH, Au PL BRS',58,'142-0701-801','mwinfield','2008-10-27 07:01:23','A','',1),(1137,104,18,'POTENTIOMETER, 10K, CERMET, 12 TURN',39,'PV37W103C01B00','mwinfield','2007-06-06 11:12:40','A','',1),(1138,112,4,'TRANSISTOR, NPN, 40V, 200mA, TO-92',7,'2N3904TFR','mwinfield','2007-06-06 11:24:21','D','',1),(1139,125,24,'POWER SPLITTER, 2-WAY, 0.2-2.0 GHZ, SMA(f)',49,'ZX10-2-20-S+','mwinfield','2008-01-14 09:45:14','A','',1),(1140,143,7,'SWITCH, MOMENTARY, SPST, N.O., 0.5A@125VAC, PNL MNT, RED ACTUATOR',163,'MSPF-101C','mwinfield','2007-06-13 09:20:27','A','',1),(1141,138,32,'TERM. BLK., BARRIER, 6 POS, DOUBLE ROW .438 PITCH, 250VAC RMS, 20A',164,'6-141','mwinfield','2007-06-19 06:50:50','A','',1),(1142,122,9,'vOLTAGE CONTROLLED OSCILLATOR  ROS-285pv, 5v, 245MHz-285MHz, CK605 case, Mini-Circuits',17,'ROS-285PV','olipkind','2007-06-28 14:07:11','A','',1),(1143,124,4,'Frequency mixer ADE-2ASK, level 7, 1-1000MHz, SMT, CD542 case, Mini-Circuit',49,'ADE-2ASK','mwinfield','2011-06-01 12:13:06','A','',1),(1144,119,10,'BPF RBP-253, center freq 253MHz, passband 186-340MHz, insertion loss 1.5dB, SMT, case GP731, Mini-Circuits',17,'GP731','olipkind','2007-06-28 17:09:04','A','',1),(1145,101,62,'Cap, ceramic, SMT, 22pF+-5%, 50v, NPO, 0805',107,'08055A220JAT2A','mwinfield','2011-04-14 11:31:11','A','',1),(1146,105,10,'Inductor, SMT, chip coils wound, DCR=1.8ohm, 10uH+-5%, Q=35, SFR=20MHz, LQH32MN100J23L, Murata',39,'Inductor, SMT, chip coilsCR=1.8ohm, +-5%, LQH32M wound, 10uH, Q=35, SFR=20MHz, LQH32MN100J23L','olipkind','2007-06-29 10:21:07','A','',1),(1147,105,11,'Inductor, SMT, chip coils wound, DCR=1.5ohm, 10uH+-5%, Q=20, SFR=25MHz, LQH32MN6R8K23L, Murata',1,'LQH32MN6R8K23L','olipkind','2007-06-29 10:28:55','A','',1),(1148,105,12,'Inductor, SMT, chip coils wound, DCR=0.13ohm, 3.3uH+-20%, Q=?, SFR=47MHz, LQH43CN3R3M03L, Murata',1,'LQH43CN3R3M03L','olipkind','2007-06-29 10:57:24','A','',1),(1149,101,63,'Capacitor Cer., 3300pF,+-10%, 100V, 0805, X7R',107,'08051C332KAT2A','mwinfield','2011-04-14 12:16:54','A','',1),(1150,121,236,'BACKSHELL, SERIES III SCSI, 100 POS, #4-40 MTG. SCR., ZINC ALLOY, NI PL',25,'5749081-2','mwinfield','2007-07-12 14:49:12','A','',1),(1151,115,6,'Relay, AHN222, 24VDC double SPST, NIAS',165,'AHN2202','olipkind','2007-07-26 12:35:36','A','',1),(1152,121,237,'RCPTCL HSG, SQ. FLANGE, MALE, SIZE 13, 9 POS., AMP/TYCO',25,'206705-1','mwinfield','2007-08-20 10:43:37','A','',1),(1153,130,38,'PWR SUPPLY, HIGH VLTG, +12V IN, 0-1KV OUT, 0-5V RMT ADJ., 4mA, Iout MNTR',166,'1A12-P4-F-M-C','mwinfield','2007-07-31 09:18:22','A','',1),(1154,130,39,'PWR SUPPLY, HIGH VLTG, +24V IN, 0-1KV OUT, 0-5V RMT ADJ., 20mA, Iout MNTR',166,'1A24-P20-F-M-C','mwinfield','2007-07-31 09:38:04','A','',1),(1155,121,238,'CONN., SHV JACK, BLKHD, REAR MT., SOLDER CUP TERM., B06 MTG HOLE',74,'PE4499','mwinfield','2007-07-31 10:56:01','A','',1),(1156,113,24,'DIODE, ZENER, Vz=4.3V, Iz=5ma, Zz= 88 OHM, DO-35 PKG',7,'1N5991','olipkind','2007-07-31 17:06:49','A','',1),(1157,102,11,'CAP, TANTALUM, 22UF, 10V, 10%, RADIAL LEAD,',107,'TAP226K010SCS','mwinfield','2007-08-01 06:39:20','A','DIGIKEY 478-1874-ND',1),(1158,102,12,'CAP, .47UF, 50V, 10%, CERAMIC MONO, RADIAL LEAD',167,'B37984M5474K000','mwinfield','2007-08-01 06:50:25','A','',1),(1159,115,7,'Relay  JW1FSN-B-DC24V, compact power relay, 1 Form c, 24V, 1100 ohm coil res., Panasonic, Digikey p/n 255-1727-ND',15,'JW1FSN-B-DC24V','olipkind','2007-08-02 14:07:43','A','',1),(1160,121,239,'Socket Relay, JW1-SFD, 5 pos. digikey p/n 255-1820-ND',15,'JW1-SFD','olipkind','2007-08-02 14:17:14','A','',1),(1161,128,35,'WIRE, HOOKUP, 18AWG,STRND ,16/30,PVC INS.,UL 1007/1569, RED',3,'7587K952','mwinfield','2008-03-20 07:06:49','A','',1),(1162,128,36,'WIRE, HOOKUP, 18AWG,STRND ,16/30,PVC INS.,UL 1007/1569, BLACK',3,'7587K951','mwinfield','2008-03-20 07:07:54','A','',1),(1163,221,1,'CABLE TIE, NYLON, 3.1 IN. L, .090 W, .68 MAX DIA.',169,'PLT.7M','mwinfield','2007-08-13 08:34:41','A','',1),(1164,128,37,'WIRE, HOOKUP, 20AWG,STRND ,10/30,PVC INS.,UL 1007/1569, RED',168,'820-2','mwinfield','2007-08-13 09:42:03','A','',1),(1165,128,38,'WIRE, HOOKUP, 20AWG,STRND ,10/30,PVC INS.,UL 1007/1569, BLACK',3,'7587K941','mwinfield','2009-01-21 10:37:24','A','',1),(1166,128,39,'WIRE, HOOKUP, 20AWG,STRND ,10/30,PVC INS.,UL 1007/1569, ORANGE',168,'820-3','mwinfield','2007-08-13 09:43:53','A','',1),(1167,128,40,'WIRE, HOOKUP, 20AWG,STRND ,10/30,PVC INS.,UL 1007/1569, WHITE',3,'7587K944','mwinfield','2009-01-21 10:39:32','A','',1),(1168,121,240,'CONN. HSG,PLUG,CIRC PLASTIC SERIES 1, 4 POS, SIZE 11,STD, FEMALE',25,'206060-1','mwinfield','2007-08-13 10:16:14','A','',1),(1169,121,241,'CONN. HSG,PLUG,CIRC PLASTIC SERIES 1, 4 POS, SIZE 11,RVRS SEX, MALE',25,'206429-1','mwinfield','2007-08-13 10:20:30','A','',1),(1170,121,242,'   PIN, CRIMP, AMP TYPE III+, 16-18AWG, 30u Au-Ni PL',25,'1-66099-4','mwinfield','2007-08-13 10:39:01','A','',1),(1171,221,2,'SLEEVING, EXPANDABLE BRAIDED POLYESTER, .25\", .437 MAX. EXPANDED I.D.',51,'GRP-110-1/4','mwinfield','2007-08-13 10:46:27','A','',1),(1172,221,3,'SLEEVING, EXPANDABLE BRAIDED POLYESTER, 0.5\", 0.75 MAX. EXPANDED I.D.',51,'GRP-110-1/2','mwinfield','2007-08-13 10:48:19','A','',1),(1173,121,243,'CABLE CLAMP KIT, AMP CPC, SHELL SIZE 11, 0.329 MAX CABLE O.D.',25,'206062-3','mwinfield','2011-08-26 06:48:25','A','',1),(1174,128,41,'WIRE, HOOKUP, 18AWG,STRND ,16/30,PVC INS.,UL 1007/1569, ORANGE',3,'7587K959','mwinfield','2008-03-20 07:08:44','A','',1),(1175,119,11,'Low pass filter, SALF-78, 7th order elliptic, DC to 78MHz, case YY101, Mini-circuit',17,'SALF-78','olipkind','2007-08-13 15:25:48','A','',1),(1176,119,12,'Band pass filter, #934796-60656, center frequency 2856MHz, bandwidth 10MHz, IMC',32,'','olipkind','2007-08-13 16:08:35','A','',1),(1177,120,5,'Phase shifter PS-904,  66.5MHz-73.5MHz, 0-30V control voltage, Synergy',170,'PS-904','olipkind','2007-08-13 17:36:14','A','',1),(1178,124,5,'Frequency mixer SYM-30DLHW, +10dBm, 5-3000MHz, case TTT167, mini-circuits',49,'SYM-30DLHW','mwinfield','2011-06-01 12:22:23','A','',1),(1179,107,75,'Amplifier Gali39+, Gain 19.7dB, DC-7GHz, output power +10.5dBm, SOT-89 package, mini-circuits',17,'Gail39+','olipkind','2007-08-14 17:32:29','A','',1),(1180,133,4,'CIRCULATOR, COAXIAL, 1.3-1.5 GHZ, 500W AVG., N(f)',171,'LH321C','mwinfield','2007-08-15 07:03:32','A','',1),(1181,121,244,'ADAPTER, N(m)-N(m), Ag PL. BRASS',19,'82-100','mwinfield','2007-08-15 07:56:07','A','',1),(1182,153,1,'TERMINATION, RF, DC-2.5 GHZ, 500W, N(f)',172,'CTN-500-2','mwinfield','2007-08-15 08:11:38','A','',1),(1183,121,245,'CONN HSG, SNGL ROW, .100 CTR, 13 POS., CRIMP SNAP-IN, AMPMODU IV',25,'2-87499-3','mwinfield','2007-08-15 08:53:29','A','',1),(1184,121,246,'CONN HSG, SNGL ROW, .100 CTR, 2 POS., CRIMP SNAP-IN, AMPMODU IV',25,'87499-3','mwinfield','2007-08-15 09:04:33','A','',1),(1185,121,247,'CNTCT, SNAP-IN RCPTCL, CRIMP, 20-24 AWG, MOD V, Au PL',25,'1-87309-4','mwinfield','2007-08-15 09:10:41','A','',1),(1186,107,76,'AD602AR, Dual variable gain amplifier, SOIC-16, Analog Devices',5,'AD602AR','olipkind','2007-08-15 16:31:44','A','',1),(1187,121,248,'CONN, DC POWER PLUG, 5A , I.D.=2.1mm, O.D.=5.5mm, L.=9.5mm',180,'S760','mwinfield','2007-09-11 09:18:43','A','',1),(1188,146,3,'SERIAL DEVICE SERVER, 10BaseT to RS232/422/485 ,  +12VDC @ 100mA',174,'DS100B','mwinfield','2007-08-16 08:43:40','A','',1),(1189,138,33,'FIXED BRIDGE , TERM. BLK., 10 POS., DIVISIBLE, INSUL. SCREW, FBRN 10-4N, for UK1,5N',128,'3001624','mwinfield','2007-08-16 09:51:25','A','',1),(1190,121,249,'FERRULE, 2 WIRE TERM., 2x16 AWG., 8mm L, W/ INS. COLLAR, BLACK, IAW DIN 46 228-4',3,'9703K27','mwinfield','2007-08-16 10:23:31','A','',1),(1191,121,250,'FERRULE, 2 WIRE TERM., 2 x 18 AWG., 8mm L, W/ INS. COLLAR, RED, IAW DIN 46 228-4',3,'9703K25','mwinfield','2007-08-16 11:00:01','A','',1),(1192,121,251,'FERRULE, WIRE TERM., 16 AWG., 8mm L, W/ INS. COLLAR, BLACK, IAW DIN 46 228-4',3,'7950K93','mwinfield','2007-08-16 11:18:56','A','',1),(1193,121,252,'CONN HSG, D-SUB 9 MALE, PER MIL-C-24308, AMP SERIES 109',25,'205162-1','mwinfield','2007-08-16 13:47:00','A','',1),(1194,126,43,'PATCH CABLE, CATEGORY 6, RJ45-RJ45, 1 FT., BLACK',95,'TRD695BLK-1','mwinfield','2007-08-17 07:12:25','A','',1),(1196,213,54,'MOUNTING KIT, DIN RAIL, MINI-ENCAPSULATED POWER SUPPLY, ACOPIAN',56,'EB35DIN','mwinfield','2007-08-22 09:24:10','A','',1),(1197,139,8,'FAN, 6-15VDC, 135mm x 135mm x 38mm, 147CFM, 48dba',141,'5112N','mwinfield','2007-08-24 07:56:20','A','',1),(1198,126,44,'CABLE ASSY, COAX, HAND FORMABLE, .085 O.D., SMA(M) STR-STR, L= 22',160,'P1-SMAP/SMAP-085CJ-22','mwinfield','2009-02-04 13:18:25','A','',1),(1199,126,45,'CABLE ASSY, COAX, HAND FORMABLE, .085 O.D., SMA(M) STR-STR, L= 23\"',176,'cnf-0b010b-23','mwinfield','2007-08-27 13:39:20','A','',1),(1200,126,46,'CABLE ASSY, COAX, HAND FORMABLE, .085 O.D., SMA(M) STR-STR, L= 24',160,'P1-SMAP/SMAP-085CJ-24','mwinfield','2009-02-04 13:20:53','A','',1),(1201,126,47,'CABLE ASSY, COAX, HAND FORMABLE, .085 O.D., SMA(M) STR-STR, L= 25\"',160,'P1-SMAP/SMAP-085CJ-25','mwinfield','2009-03-19 06:17:18','A','',1),(1202,126,48,'CABLE ASSY, COAX, HAND FORMABLE, .085 O.D., SMA(M) STR-STR, L= 26\"',176,'cnf-0b010b-26','mwinfield','2007-08-27 13:43:52','A','',1),(1203,126,49,'CABLE ASSY, COAX, HAND FORMABLE, .085 O.D., SMA(M) STR-STR, L= 27\"',176,'cnf-0b010b-27','mwinfield','2007-08-27 13:44:28','A','',1),(1204,126,50,'CABLE ASSY, COAX, HAND FORMABLE, .085 O.D., SMA(M) STR-STR, L= 28\"',176,'cnf-0b010b-28','mwinfield','2007-08-27 13:46:41','D','',1),(1205,126,51,'CABLE ASSY, COAX, HAND FORMABLE, .085 O.D., SMA(M) STR-STR, L= 29\"',176,'cnf-0b010b-29','mwinfield','2007-08-27 13:47:20','A','',1),(1206,126,52,'CABLE ASSY, COAX, HAND FORMABLE, .085 O.D., SMA(M) STR-STR, L= 30\"',176,'cnf-0b010b-30','mwinfield','2007-08-27 13:48:01','A','',1),(1207,126,53,'CABLE ASSY, COAX, HAND FORMABLE, .085 O.D., SMA(M) STR-STR, L= 31\"',176,'cnf-0b010b-31','mwinfield','2007-08-27 13:54:01','A','',1),(1208,126,54,'CABLE ASSY, COAX, HAND FORMABLE, .085 O.D., SMA(M) STR-STR, L= 32\"',176,'cnf-0b010b-32','mwinfield','2007-08-27 13:55:37','A','',1),(1209,126,55,'CABLE ASSY, COAX, HAND FORMABLE, .085 O.D., SMA(M) STR-STR, L= 33\"',176,'cnf-0b010b-33','mwinfield','2007-08-27 13:56:28','A','',1),(1210,126,56,'CABLE ASSY, COAX, HAND FORMABLE, .085 O.D., SMA(M) STR-STR, L= 34\"',176,'cnf-0b010b-34','mwinfield','2007-08-27 13:57:07','A','',1),(1211,142,5,'AD8302EVAL PCB, RF/IF Gain and Phase Detector, Analog devices',5,'AD8302EVAL','olipkind','2007-08-27 16:55:53','A','',1),(1212,119,13,'SLP-100, lowpass filter, 100MHz, SMA connectorized, mini-circuits',17,'SLP-100','olipkind','2007-08-27 17:27:09','A','',1),(1213,126,57,'CABLE ASSY, COAX, HAND FORMABLE, .085 O.D., SMA(M) STR-STR, L= 35\"',176,'cnf-0b010b-35','mwinfield','2007-08-28 09:04:56','A','',1),(1214,126,58,'CABLE ASSY, COAX, HAND FORMABLE, .085 O.D., SMA(M) STR-STR, L= 36\"',176,'cnf-0b010b-36','mwinfield','2007-08-28 09:05:30','A','',1),(1215,126,59,'CABLE ASSY, COAX, HAND FORMABLE, .085 O.D., SMA(M) STR-STR, L= 37\"',176,'cnf-0b010b-37','mwinfield','2007-08-28 09:06:46','A','',1),(1216,126,60,'CABLE ASSY, COAX, HAND FORMABLE, .085 O.D., SMA(M) STR-STR, L= 38\"',176,'cnf-0b010b-38','mwinfield','2007-08-28 09:11:06','A','',1),(1217,126,61,'CABLE ASSY, COAX, HAND FORMABLE, .085 O.D., SMA(M) STR-STR, L= 39\"',176,'cnf-0b010b-39','mwinfield','2007-08-28 09:12:02','A','',1),(1218,126,62,'CABLE ASSY, COAX, HAND FORMABLE, .085 O.D., SMA(M) STR-STR, L= 40\"',176,'cnf-0b010b-40','mwinfield','2007-08-28 09:12:31','A','',1),(1219,126,63,'CABLE ASSY, COAX, HAND FORMABLE, .085 O.D., SMA(M) STR-STR, L= 41\"',176,'cnf-0b010b-41','mwinfield','2007-08-28 09:13:19','A','',1),(1220,119,14,'Cavity bandpass filter, BPF_CF_2856MHz, BW=10MHz, metal housing, SMA-F, IMC p/n 934794',32,'934794','olipkind','2007-08-28 09:38:03','A','',1),(1221,127,10,'ZX60-6013E+ Amplifier 20MHz to 6GHz, 13dB gain,  Mini-circuits',17,'ZX60-6013E+','olipkind','2007-08-29 17:49:24','A','',1),(1222,127,11,'ZX60-2534M+, RF Amplifier, 36dB gain at 2.4GHz, +15dBm 1dB comp, SMA-F, mini-circuits',17,'ZX60-2534M-S+','mwinfield','2008-01-14 09:25:26','A','',1),(1223,127,12,'ZX60-5916M+, RF amplifier, 1.5 to 5.9GHz, 17.5dB gain, +15dBm 1dB comp, SMA-F, mini-circuit',17,'ZX60-5916M+','olipkind','2007-08-30 11:50:34','A','',1),(1224,126,64,'CABLE ASSY, COAX, HAND FORMABLE, .085 O.D., SMA(M) STR-STR, L= 21\"',176,'cnf-0b010b-21','mwinfield','2007-08-30 13:39:15','A','',1),(1225,119,15,'BPF_CF_1428MHz, bandpass filter, f0=1414.5MHz, BW=39MHz, manuf p/n B0314141, Microwave Circuits',177,'B0314141','olipkind','2007-08-30 16:35:18','A','',1),(1226,124,6,'ZX05-1+ Mixer, +7dBm, 0.5 to 500MHz, SMA, case FL905, mini-circuits',49,'ZX05-1+','mwinfield','2011-06-01 12:22:45','A','',1),(1227,122,10,' Osc., 6.8MHZ, +100ppm, TTL, 14-DIP, Programmable Crystal Oscillator, EPSON, SG-8002DB-PTM-ND (digikey p/n), Programmed by Digi-Key',20,'SG-8002JA-PTM-ND','olipkind','2007-09-04 14:27:56','A','',1),(1228,119,16,'BPF_6.8MHz_butw_3ord,  Bandpass Butterworth 3-order custom SMA filter,  Lyncean Technologies',178,'BPF_6.8MHz_butw_3ord','olipkind','2007-09-04 15:18:22','A','',1),(1229,119,17,'Low pass filter LPF_8MHz_3ord_butw, 50-ohm, SMA, custom , Lyncean Technologies',178,'LPF_8MHz_3ord_butw','olipkind','2007-09-04 15:53:13','A','',1),(1230,101,64,'Cap ceramic, 82pF, 50V,+-5%, NPO, 1206',107,'12065A820JAT2A','mwinfield','2011-04-15 12:21:20','A','',1),(1231,101,65,'Cap ceramic, SMT, 680pF, 200v, +-5%, NPO',107,'12062A681JAT2A','mwinfield','2011-04-15 09:07:21','A','',1),(1761,101,109,'CAP., CERAMIC, SMT, 750pF, 50V, 5%, NPO, 0805',39,'GRM2165C1H751JA01D','mwinfield','2011-04-15 11:59:09','A','',1),(1232,101,66,'Cap ceramic, 68pF, 50V, 1206, +-5%, NPO',107,'12065A680JAT2A','mwinfield','2011-04-15 09:26:47','A','',1),(1233,105,13,'Inductor SMT, 18.2UH+-5%, 1008 (2520), Qmin=25, SRF=40MHz, RDC=1.9ohm, Panasonic ELJ-FC8RJF, digikey p/n PCD1239CT-ND',20,'PCD1239CT-ND','olipkind','2007-09-05 14:34:28','A','',1),(1234,105,14,'Inductor SMT, 82nH+-2%, 0603 (1608), Qmin=34, SRF=2200MHz, RDC=0.48ohm, Panasonic ELJ-NJ82NGF2, digikey p/n PCD1806CT-ND',20,'PCD1806CT-ND','olipkind','2007-09-05 14:57:59','A','',1),(1235,101,67,'Cap ceramic, SMT, 390pF, 50v, +-5%, NPO, 1206',107,'12065A391JAT2A','mwinfield','2011-04-14 12:57:11','A','',1),(1236,105,15,'Inductor SMT, 1.8uH+-5%, 1008 (2520), Qmin=25, SRF=85MHz, RDC=0.95ohm, Panasonic ELJ-FC1R8JF',15,'ELJ-FC1R8JF','olipkind','2007-09-05 15:46:59','A','',1),(1237,105,16,' Inductor SMT, 180nH+-5%, 1008 (2520), Qmin=10, SRF=300MHz, RDC=1.05ohm, Panasonic ELJ-NCR18JF',15,'ELJ-NCR18JF','olipkind','2007-09-05 15:55:20','A','',1),(1238,124,7,'Frequency mixer ADE-6+, level 7dBm, 0.05 to 250MHz, case CD637, mini-circuits',49,'ADE-6+','mwinfield','2011-06-01 12:23:18','A','',1),(1239,129,13,'fixed atttenuator LAT-12+, 12dB, SMT, Dc-2500MHz, case MMM168, mini-circuits',17,'LAT-12+','olipkind','2007-09-05 16:34:44','A','',1),(1240,125,25,'Power splitter ADP-2-1+, 2 Way-0deg., 0.5-400MHz, case CD636, mini-circuits',17,'ADp-2-1+','olipkind','2007-09-05 16:51:27','A','',1),(1241,129,14,'Fixed Attenuators LAT-5, 5dB, DC to 2500MHz, 50ohm, 0.5W, mini-circuits',17,'LAT-5','olipkind','2007-09-05 17:14:47','A','',1),(1242,129,15,'Voltage variable attenuator RVA-2500+, SMT, 50ohm, 10 to 2500 MHz, 3 - 55 dB, 0-20V, +20dBm, case DC874, mini-circuits',17,'RVA-2500+','olipkind','2007-09-06 10:17:54','A','',1),(1243,120,6,'Phase shifter JSPH-12+, SMT, 0 to180deg, 0 to 15V Vctrl, +20dBm, case BK276, mini-circuits',17,'JSPH-12+','olipkind','2007-09-06 10:38:48','A','',1),(1244,107,78,'Opamp LT1028CS8, ultra-low noise, high-speed, S8, Linear',179,'LT1028CS8','olipkind','2007-09-06 14:50:58','A','',1),(1245,107,79,'Analog switch MAX333ACUP, quad, SPDT, 20 TSSOP, Maxim',21,'MAX333ACUP','olipkind','2007-09-07 09:41:40','A','',1),(1246,105,17,' Inductor SMT, 2.uH+-5%, 1008 (2520), Qmin=25, SRF=80MHz, RDC=1.05ohm, Panasonic ELJ-FC2R2JF',15,'ELJ-FC2R2JF','olipkind','2007-09-07 11:01:22','A','',1),(1247,101,68,'Capacitor, cer. 2200PF +-10%, 630V, X7R, SMT, 1206',39,'GRM31BR72J222KW01L','mwinfield','2011-04-14 07:54:43','A','',1),(1248,101,69,'Cap, Cer, 220pF +-5%, NPO, 50V, SMT, 1206',107,'12065A221JAT2A','mwinfield','2011-04-14 07:58:00','A','',1),(1249,103,113,'Resistor 2.67K+-1%, 1206, TKF, Panasonic ERJ-8ENF2671V',15,'ERJ-8ENF2671V','olipkind','2007-09-07 15:45:12','A','',1),(1250,101,70,'Capacitor Cer., 0.047uFX100V, +-10%, X7R, 1206',107,'12061C473KAT2A','mwinfield','2011-04-13 05:29:00','A','',1),(1251,101,71,'Capacitor, cer. 2200PF +-10%, 630V, NPO, SMT 1206',15,'ECJ-3FB2J472K','mwinfield','2011-08-01 09:02:56','A','',1),(1779,115,14,'RELAY, POWER, PCB, SPDT, 24V@17mA COIL, 3A CNTCT',77,'G5Q-1-DC24','mwinfield','2011-08-03 05:38:57','A','',1),(1252,107,80,'Opamp AD8675ARZ, 8-SOIC, rail-to-rail, Analog Devices',5,'AD8675ARZ','olipkind','2007-09-07 17:15:40','A','',1),(1253,103,114,'Resistor, 61.9K OHM, 1%, 1/4W, 1206 Panasonic, ERJ-8ENF61R92V',15,'ERJ-8ENF61R92V','olipkind','2007-09-07 17:33:52','A','',1),(1254,126,65,'AC CORDSET, NEMA 5-15 CORD w/  IEC 60320 C13 CONN., 3FT, 3 x 18 AWG, 10A, UL/CSA',122,'70401020091','mwinfield','2007-09-10 08:28:04','A','',1),(1255,103,115,'Resistor, 47.5K OHM, 1%, 1/4W, 1206, Panasonic, ERJ-8ENF4752V',15,'ERJ-8ENF4752V','olipkind','2007-09-10 11:37:47','A','',1),(1256,107,81,'High voltage power Opamp PA85, 450V, 1000v/us, 200mA, 8-pin to TO-3, APEX',110,'PA85','olipkind','2007-09-10 11:22:00','A','',1),(1257,101,72,'Cap. Cer., SMT, 47pF, 250V, 0603',226,'251R14S470JV4T','mwinfield','2011-04-15 08:01:22','A','',1),(1258,101,73,'Cap., Electrolitic Alum., 4.7uFx450V, +-20%, Radial Can SMD',14,'EEV-EB2W4R7SQ','mwinfield','2011-04-15 06:29:05','A','',1),(1259,121,253,'2-POS., LOW PROFILE POST SHUNT, 0.1',25,'382811-8','mwinfield','2011-06-01 12:07:24','A','',1),(1260,154,1,'ANALOG-DIGITAL CNVTR, 8 DIFF. VLTG/ CRNT INPUTS, RS-485 OUT, 16 BIT DGTZNG, V(s)= +12V',181,'CB-7017','mwinfield','2007-09-11 10:32:27','A','',1),(1261,115,8,'Relay, DPDT, 12V, 44mA, 2 Form C,  Panasonic, JW2SN-DC12V',15,'JW2SN-DC12V','bwoo','2007-09-11 16:34:19','A','JAMECO P/N 843235',1),(1262,121,254,'HEADER, 6 POS., RT ANGLE PCB, FRICTION LCK, 0.100\" CNTR',28,'22-05-3061','bwoo','2007-09-12 10:54:55','A','',1),(1263,104,19,'RES 68 OHM 1/4W 1% METAL FILM, AXIAL LEAD',12,' MFR-25FBF-68R','bwoo','2007-09-12 13:33:32','A','',1),(1264,107,82,'OPamp AD8397ARZ, Rail to Rail, highoutput current, SOIC-8, Analog Devices',5,'','olipkind','2007-09-12 15:41:49','A','',1),(1265,103,116,'Resistor, 97.6K OHM, 1%, 1/4W, 1206, Panasonic, ERJ-8ENF9762V',15,'ERJ-8ENF9762V','olipkind','2007-09-12 16:49:36','A','',1),(1266,103,117,'Resistor, 11K OHM, 1%, 1/4W, 1206, Panasonic, ERJ-8ENF1102V',15,'ERJ-8ENF1102V','olipkind','2007-09-12 16:50:47','A','',1),(1267,104,20,'RES., CARBON FILM., 120 OHM, 1/2W, 5%, AXIAL LEAD',14,'ERD-S1TJ121V','mwinfield','2007-09-13 08:24:47','A','',1),(1268,121,255,'FERRULE, 2 WIRE TERM., 2x22 AWG., 8mm L, W/ INS. COLLAR, WHITE, IAW DIN 46 228-4',3,'9703K23','mwinfield','2007-09-13 08:55:10','A','',1),(1269,121,256,'FERRULE, WIRE TERM., 24-22 AWG., 8mm L, W/ INS. COLLAR, LT. BLUE, IAW DIN 46 228-4',3,'7950K79','mwinfield','2007-09-13 09:10:21','A','',1),(1270,126,66,' CABLE ASSY, COAX, HAND FORMABLE, .085 O.D., SMA(M) STR-STR, L= 7\"',160,'P1-SMAP/SMAP-085CJ-7','mwinfield','2007-09-13 13:57:30','A','',1),(1271,154,2,'Digital-analog converter, 4 diff. voltage/current outputs, RS-485 OUT, 14 BIT, V(s)=+12V',181,'CB-7024','mwinfield','2008-01-07 13:38:19','A','',1),(1272,130,40,'Power supply DB15-35, +-15V, 350mA, mini-encapsulated, EB-13 case, Acopian',94,'','olipkind','2007-09-17 16:14:34','A','',1),(1273,130,41,'Power supply B100G65, 100V, 650mA, 1mV ripple, Linear, Acopian',56,'B100G65','bwoo','2008-04-25 14:28:18','A','',1),(1274,126,67,'CABLE ASSY, COAX, HAND FORMABLE, .085 O.D., SMA(M) STR-STR, L= 7 IN.',160,'P1-SMAP/SMAP-085CJ-7','mwinfield','2007-09-18 11:02:07','D','',1),(1275,126,68,'CABLE ASSY, COAX, HAND FORMABLE, .085 O.D., SMA(M) STR-R/A, L= 3 IN.',160,'P1-SMAP/SMAPRA-085CJ-3','mwinfield','2007-09-18 11:07:38','A','',1),(1276,120,7,'Phsae shifter 360 DEG., VLTG CNTRL, 0-10VDC, CF=65MHZ, BW=6.5MHZ, SMA(F), Lorch Micrcwave',61,'VP-360-65-6.5-S','bwoo','2008-04-25 14:34:09','A','',1),(1277,130,42,'Power supply, 15EB100, +15V, 1A, case EB-20, Acopian',56,'15EB100','olipkind','2007-09-19 11:30:13','A','',1),(1278,130,43,'Power Supply LD15-100, dual, linear, +-15V, 1A, case TN8H, Acopian',56,'LD15-100','olipkind','2007-09-19 11:57:31','A','',1),(1279,130,44,'Power Supply TD5-150, dual, linear, +-5V, 1.5A, Gold box case TG6, Acopian',56,'TD5-150','olipkind','2007-09-19 14:09:39','A','',1),(1280,130,45,'Power supply IHCC15-3, dual, Linear, +-15V, 3A, 5mV ripple, case size 9.38x4.87x2.75in, International Power, Mouser p/n 597-CC15-3.0',122,'IHCC15-3','olipkind','2007-09-20 10:20:57','A','',1),(1281,103,118,'Res., SMT, 10K+-5%, 2512, 1W, Panasonic ERJ-1TYF1003U',15,'ERJ-1TYF1003U','olipkind','2007-09-24 10:34:58','A','',1),(1282,103,119,'Res., SMT, 5.1K+-5%, 2512, 1W, Panasonic ERJ-1TYF5102U',15,'ERJ-1TYF5102U','olipkind','2007-09-24 10:35:27','A','',1),(1283,103,120,'Res., SMT, 30ohm+-5%, 2512, 1W, Panasonic ERJ-1TYF30R0U',15,'ERJ-1TYF30R0U','olipkind','2007-09-24 10:32:31','A','',1),(1284,104,21,'Resistor axial, 30ohm+-5%, 1W, PR01 type, 5073NW series, Phoenix p/n 5073NW30R0JAFX',20,'','olipkind','2007-09-24 11:08:03','A','',1),(1285,115,9,'RELAY, POWER, SLIM, DPDT, 5A@30VDC CNTCT, 24VDC COIL, PLUG-IN',182,'AHN22024','mwinfield','2007-09-28 06:59:59','A','',1),(1286,121,257,'SOCKET, RELAY, AHN TYPE, SCREW TERMS., 8 POS.,  DIN MT.',182,'AHNA21','mwinfield','2007-09-28 07:23:48','A','',1),(1287,121,258,'CONN HSG, RCPTCL, FREE HANGING, 6 POS, .093 DIA. CTCTS, .198 PITCH, W/DETENT, NYLON',28,'03091064','mwinfield','2007-09-28 09:19:20','A','',1),(1288,121,259,'CONN HSG, PLUG, FREE HANGING, 6 POS, .093 DIA. CTCTS, .198 PITCH, W/DETENT, NYLON',28,'03092062','mwinfield','2007-09-28 09:18:45','A','',1),(1289,121,260,'TERMINAL,CRIMP,MOLEX .093\", FEMALE, Sn PL. BRASS',28,'02091119','mwinfield','2007-09-28 09:28:04','A','',1),(1290,121,261,'TERMINAL,CRIMP,MOLEX .093\", MALE, Sn PL. BRASS',28,'02092118','mwinfield','2007-09-28 09:28:50','A','',1),(1291,139,9,'FAN, 12VDC, 80mm x 25mm, 34.1CFM, 26dB(A)',141,'8412NGME','mwinfield','2007-09-28 10:34:51','A','',1),(1292,121,262,'CONN, Terminal Blocks, Quad, 17 Amps, 500V, Phoenix Contact - ST 1.5-QUATTRO',128,'3031186','bwoo','2007-10-03 16:41:25','A','',1),(1293,121,263,'RCPTCL HSG, SQ. FLANGE, MALE, SERIES 2, SIZE 11, 8 POS.',25,'205841-1','mwinfield','2007-10-11 11:29:35','A','',1),(1294,121,264,'CIRC, PLASTIC, MINI SERIES, D_SHAPE PANEL MT., SHELL SIZE 8, 4 POS.   AMP/TYPCO',25,'1445421-3','bwoo','2007-10-25 08:50:44','A','',1),(1295,130,46,'Power Supply TD5-250, dual, linear, +-5V, 2.5A, Gold box case TG9, Acopian',56,'TD5-250','olipkind','2007-10-10 11:10:22','A','',1),(1296,130,47,'Power Supply TD15-450, dual, linear, +-15V, 4.5A, Gold box case TG13, Acopian',1,'TD15-450','olipkind','2007-10-10 17:20:51','A','',1),(1297,121,265,'RCPTCL HSG, SQ. FLANGE, REVERSE POLARITY, FEMALE, SERIES 2, SIZE 11, 8 POS.',25,'206433-1','mwinfield','2007-10-11 11:32:44','A','',1),(1298,125,26,'Power splitter, ZX10R-14+, 2way-0deg, DC to 10GHz, FL905 case, mini-circuits',17,'ZX10R-14+','olipkind','2007-10-11 14:31:11','A','',1),(1299,121,266,'RCPTCL HSG, SQ. FLANGE, REVERSE POLARITY, FEMALE, SERIES 2, SIZE 23, 57 POS, TYCO p/n 206438-1',25,'206438-1','olipkind','2007-10-15 15:52:44','A','',1),(1300,143,8,'SWITCH, Emergency off, Panel Mt., LED illuminated,  DPST, N.O./N.C.',183,'XW1E-LV411Q4M-R','bwoo','2007-10-19 13:49:11','A','Newark# 43J1445',1),(1301,121,267,'CONN, Terminal Blocks, Plug-in Bridge, 17 Amps, Phoenix Contact, FBS 2-4, Order# 3030116',128,'3030116','mwinfield','2011-06-01 12:07:51','A','',1),(1302,145,6,'DIGITAL EXPANSION MOD., SIMATIC S7-200 PLC , 8 x 24VDC I/P, 8 RELAY O/P',105,'6ES7-223-1PH22-0XA0','bwoo','2007-10-19 15:37:01','A','',1),(1303,113,25,'DIODE, ZENER, Vz=3.9V, 0.5W,  Zz= 23 OHM, DO-35 PKG.',7,'1N5228B','mwinfield','2007-10-22 07:54:32','A','',1),(1304,104,22,'RESISTOR, AXIAL LEAD, 120 OHM, CARBON FILM, 1/4W 5%',14,'ERD-S2TJ121V','mwinfield','2007-10-23 06:48:31','A','',1),(1305,107,83,'AD797ARZ, Low-noise Opamp, SOIC-8, RoHS, Analog Devices',5,'AD797ARZ','mwinfield','2011-04-08 09:08:07','A','',1),(1306,103,121,'Res. 1MOM+-1% 1/4W, 1206, Panasonic ERJ-8ENF1004V',15,'8ENF1004V','olipkind','2007-10-23 14:30:19','A','',1),(1307,134,4,'SWITCH, RF, COAXIAL, SP4T, LATCHING, TTL CTRL, 24V COIL, SMA(F)',184,'042-B347-A2C-7C2','mwinfield','2007-11-05 07:33:32','A','',1),(1308,154,3,'MODULE, DIGITAL I/O, 16 BIT, OPEN COLLECTOR, RS-485 I/F, Vs(+)= 10-30 VDC',181,'CB-7043','mwinfield','2007-11-05 10:38:48','A','',1),(1309,104,23,'RES., CARBON FILM., 4700 OHM, 1/4W, 5%, AXIAL LEAD',12,'CFR-25JB-4K7','mwinfield','2007-11-06 08:53:32','A','',1),(1310,130,48,'PWR SUPPLY, TRIPLE,+24V@2.3A; +5V@1.5A; +12V@0.7A, SWITCHER, OPEN FRAME',57,'RPT-65G','mwinfield','2007-11-06 10:24:33','A','',1),(1311,121,268,'CONN HSG, 6 POS, .156 CTR., MOLEX SPOX, W/ LOCKING RAMP',28,'09501061','mwinfield','2007-11-06 11:16:06','A','',1),(1312,121,269,'CONN HSG, 3 POS, .156 CTR., MOLEX SPOX, W/ LOCKING RAMP',28,'09501031','mwinfield','2007-11-06 11:17:26','A','',1),(1313,121,270,'TERMINAL,MOLEX .156 SPOX CONNECTOR, 24-18 AWG',28,'08701030','mwinfield','2007-11-06 11:19:02','A','',1),(1314,104,24,'RES., POWER, 5W, 150 OHM, WIREWOUND, AL HSG.',111,'RE60G1500C02','mwinfield','2007-11-06 15:00:59','A','',1),(1315,121,271,'ADAPTER, BLKHD, BNC(f)-SMA(f), 0.500 x 0.475 MTG HOLE',250,'BM50130','mwinfield','2013-01-11 09:27:41','A','',1),(1316,102,13,'CAP, 0 .1UF,  50V,  20%, CERAMIC,  RADIAL',13,'C315C104M5U5TA','mwinfield','2007-11-07 13:32:50','A','',1),(1317,102,14,'CAP, 0 .1UF, 50V, X7R, CERAMIC, AXIAL LEAD',185,'A104K15X7RF5','mwinfield','2007-11-08 09:07:53','A','',1),(1318,130,49,'PWR SUPPLY, SINGLE, 5VDC, 10.0A, SWITCHING REG., ENCAPSULATED',56,'5WB1000','mwinfield','2007-11-15 11:24:09','A','',1),(1319,138,34,'TERM. BLK, MICRO-TERM., 3 CLAMP POINTS, 17.5A, 26-16 AWG, 15mm DIN MTG., MT1,5-TWIN TYPE',128,'3001682','mwinfield','2007-11-15 13:54:11','A','',1),(1320,138,35,'TERM. BLK, MICRO-TERM, GROUND, 26-16 AWG, 3 CLAMP PTS., MT 1,5-TWIN-PE TYPE',128,'3001705','mwinfield','2007-11-15 13:51:54','A','',1),(1321,138,36,'TERM. BLK, MICRO-TERM, GRND, 26-16 AWG, 4 CLAMP PTS., MT 1,5-QUATTRO-PE TYPE',128,'3001695','mwinfield','2007-11-16 07:50:01','A','',1),(1322,138,37,'TERM. BLK, MICRO-TERM., 4 CLAMP POINTS, 16 A, 26-16 AWG, 15mm DIN MTG., MT1,5-QUATTRO TYPE',128,'3001679','mwinfield','2007-11-16 07:59:02','A','',1),(1323,130,50,'PWR SUPPLY, SNGL, 12VDC, 3.8A, SWITCHING REG., 120mV P-P RIPPLE',73,'LPS43','mwinfield','2007-11-16 09:00:21','A','',1),(1324,121,272,'CONN HSG, 6 POS, .156 CTR., W/ LOCKING RAMP, USE WITH TRIFURCON TERMINALS',28,'26034061','mwinfield','2007-11-19 09:23:49','A','',1),(1325,121,273,'TERMINAL, MOLEX TRIFURCON, 18-20 AWG, BRS TIN',28,'08500189','mwinfield','2007-11-19 09:31:06','A','',1),(1326,121,274,'CONN HSG, 3 POS, .156 CTR., W/ LOCKING RAMP, USE WITH TRIFURCON TERMINALS',28,'26034030','mwinfield','2007-12-19 13:13:49','A','',1),(1327,121,275,'CONN HSG, 4 POS, .156 CTR., W/ LOCKING RAMP, USE WITH TRIFURCON TERMINALS',28,'26034041','mwinfield','2007-11-19 09:39:20','A','',1),(1328,102,15,'Cap, cer., 47pFx200V, +-10%, Radial, NPO, lead spacing 2.54mm, through hole, DigiKey p/n 478-3164-ND',20,'478-3164-ND','olipkind','2007-11-20 09:08:26','A','',1),(1329,102,16,'CAP, TANTALUM, 10UF, 16V, 10%, RADIAL LEAD',107,'TAP106K016SCS','mwinfield','2007-11-26 09:45:07','A','',1),(1330,121,276,'CONN HSG, PLUG, 3 POS, .062 DIA. CNTCTS, W/DETENT, NYLON',28,'03062032','mwinfield','2007-11-27 13:18:59','A','',1),(1331,121,277,'CONN HSG, RCPTCL, 3 POS, .062 DIA. CNTCTS, W/DETENT, NYLON',28,'03061032','mwinfield','2007-11-27 13:20:06','A','',1),(1332,115,10,'RELAY, POWER, PCB, SPST-NO, 5V@40mA COIL, 5A CNTCT',77,'G6B-1114P-US-DC5','mwinfield','2007-12-03 09:55:03','A','',1),(1333,118,11,'HEATSINK, TO-220 PKG., 4.5W, 1.17 x 1.00 x 0.5, BLK ANODIZED',186,'530614B00000G','mwinfield','2007-12-03 13:56:50','A','',1),(1334,115,11,'SOCKET, RELAY, PCB, OMRON G6B-1114P STYLE',77,'P6B-04P','mwinfield','2007-12-03 14:21:09','D','',1),(1335,121,278,'SOCKET, RELAY, PCB, OMRON G6B-1114P STYLE',77,'P6B-04P','mwinfield','2007-12-03 14:32:52','A','',1),(1336,121,279,'TERMINAL, PIN,CRIMP,MOLEX .062, 18-24 AWG, 15u AU PL BRASS',28,'02066103','mwinfield','2007-12-04 10:30:19','A','',1),(1337,121,280,'TERMINAL, SCKT, CRIMP,MOLEX .062, 18-24 AWG, 15u AU PL BRASS',28,'02065103','mwinfield','2007-12-04 10:29:50','A','',1),(1338,121,281,'TERMINAL,CRIMP,MOLEX KK, AU PL, 22-30AWG',28,'08560110','mwinfield','2007-12-04 09:19:59','A','',1),(1339,121,282,'HEADER, 2 POS., VERT., FRICTION LCK, .100\"CNTR , AU PL BRASS',28,'22112022','mwinfield','2007-12-04 09:24:53','A','',1),(1340,121,283,'HEADER, 3 POS., VERT., FRICTION LCK, .100\"CNTR, AU PL BRASS',28,'22112032','mwinfield','2007-12-04 09:25:35','A','',1),(1341,121,284,'HEADER, 4 POS., VERT., FRICTION LCK, .100\"CNTR, AU PL BRASS',28,'22112042','mwinfield','2007-12-04 09:26:41','A','',1),(1342,102,17,'CAP, TANTALUM, 4.7UF, 16V, 10%, RADIAL LEAD',107,'TAP475K016SCS','mwinfield','2007-12-04 13:23:42','A','',1),(1343,102,18,'CAP, TANTALUM, 1.0UF, 20V, 10%, RADIAL LEAD',107,'TAP105K020SCS','mwinfield','2007-12-04 13:26:31','A','',1),(1344,126,69,'CABLE ASSY, COAX, HAND FORMABLE, .141 O.D., SMA(M) STR-RA, L= 10 IN.',160,'P1-SMAP/SMAPRA-141CJ-10','mwinfield','2007-12-05 13:26:03','A','',1),(1345,126,70,'CABLE ASSY, COAX, HAND FORMABLE, .141 O.D., SMA(M) STR-R/A, L= 7 IN.',160,'P1-SMAP/SMAPRA-141CJ-7','mwinfield','2007-12-05 13:28:09','A','',1),(1346,126,71,'CABLE ASSY, COAX, HAND FORMABLE, .141 O.D., SMA(M) STR-STR, L= 19 IN.',160,'P1-SMAP/SMAP-141CJ-19','mwinfield','2007-12-05 13:43:44','A','',1),(1347,126,72,'CABLE ASSY, COAX, HAND FORMABLE, .141 O.D., SMA(M) STR-R/A, L= 22 IN.',160,'P1-SMAP/SMAPRA-141CJ-22','mwinfield','2007-12-05 13:47:25','A','',1),(1348,126,73,'CABLE ASSY, COAX, HAND FORMABLE, .141 O.D., SMA(M) STR-R/A, L= 17 IN.',160,'P1-SMAP/SMAPRA-141CJ-17','mwinfield','2007-12-05 13:49:16','A','',1),(1349,126,74,'CABLE ASSY, COAX, HAND FORMABLE, .141 O.D., SMA(M) STR-R/A, L= 19 IN.',160,'P1-SMAP/SMAPRA-141CJ-19','mwinfield','2007-12-05 13:50:24','A','',1),(1350,126,75,'CABLE ASSY, COAX, HAND FORMABLE, .141 O.D., SMA(M) STR-R/A, L= 5 IN.',160,'P1-SMAP/SMAPRA-141CJ-5','mwinfield','2007-12-05 13:55:29','A','',1),(1351,126,76,'CABLE ASSY, COAX, HAND FORMABLE, .141 O.D., SMA(M) STR-R/A, L= 6 IN.',160,'P1-SMAP/SMAPRA-141CJ-6','mwinfield','2007-12-05 14:03:42','A','',1),(1352,126,77,'CABLE ASSY, COAX, HAND FORMABLE, .141 O.D., SMA(M) STR-R/A, L= 8 IN.',160,'P1-SMAP/SMAPRA-141CJ-8','mwinfield','2007-12-05 14:04:41','A','',1),(1353,126,78,'CABLE ASSY, COAX, HAND FORMABLE, .141 O.D., SMA(M) STR-R/A, L= 24 IN.',160,'P1-SMAP/SMAPRA-141CJ-24','mwinfield','2007-12-05 14:05:43','A','',1),(1354,121,285,'CONN, Plug, Housing, 4 pos, 0.118\" CTR, Single Row,Free Hanging, Universal Micro Mate-N-LOK 3mm System,',25,'1445049-4','bwoo','2007-12-06 09:56:09','A','Allied # 512-0329',1),(1355,121,286,'CONN, Recpt, Housing, 4 pos, 0.118\" CTR, Single Row,Free Hanging, Universal Micro Mate-N-LOK 3mm System,',25,'1445022-4','bwoo','2007-12-06 10:06:41','A','Allied # 512-0272',1),(1356,121,287,'Contacts, Recpt, 24 - 20 AWG, 0.76 um Gold plating',25,'1-794610-2','bwoo','2007-12-06 10:11:53','A','Allied # 374-0451',1),(1357,121,288,'CNTCT, PIN, 24 - 20 AWG, AMP UNIVERSAL MICRO MATE-N-LOK 3mm,  AU PL',25,'1-794612-2','mwinfield','2010-03-03 08:30:44','A','Allied # 374-0461',1),(1358,104,25,'RES 10K OHM 1/4W 1% METAL FILM, AXIAL LEAD',12,' MFR-25FBF-10K0','bwoo','2007-12-07 09:53:20','A','Digitkey #10.0KXBK-ND',1),(1359,121,289,'CONN. HSG,CPC_Series 1, Recpt_Reverse, 9 POS, Size 17, Socket',25,'211769-1','bwoo','2007-12-07 13:09:35','A','Allied#512-8872',1),(1360,127,13,'AMPLIFIER, RF, 0.5-2.5 GHZ, G=23dB, P1dB= +18dBm, +5VDC, SMA(f)',49,'ZX60-2522MB+','mwinfield','2007-12-10 08:06:40','A','',1),(1361,119,18,'FILTER, LOW PASS, DC-1400 MHz, Fco= 1650 MHz, SMA(m)-SMA(f)',49,'SLP-1650+','mwinfield','2007-12-10 07:55:49','A','',1),(1362,119,19,'FILTER, HIGH PASS, 1000-3000 MHz, Fco= 900 MHz, SMA(m)-SMA(f)',49,'SHP-1000+','mwinfield','2007-12-10 07:58:03','A','',1),(1363,119,20,'FILTER, LOW PASS, DC-32 MHz, Fco= 35 MHz, SMA(m)-SMA(f)',49,'SLP-30+','mwinfield','2007-12-10 08:21:00','A','',1),(1364,127,14,'AMP, RF, LOW NOISE,10-500 MHz, G=19dB, P1dB=+16 dBm, NF= 3.8dB, +15VDC',49,'ZFL-500HLN+','mwinfield','2007-12-11 09:52:56','A','',1),(1365,119,21,'FILTER, BANDPASS, Fo=30MHz, 3dB BW=10MHz, I.L.@Fo=1.5dB MAX., SMA(m)-SMA(f)',49,'SBP-30+','mwinfield','2007-12-10 08:18:45','A','',1),(1366,119,22,'FILTER, BANDPASS, Fo=21.4MHz, 3dB BW=7.5MHz, I.L.@Fo=1.5dB MAX., SMA(m)-SMA(f)',49,'SBP-21.4+','mwinfield','2007-12-10 08:30:17','A','',1),(1367,119,23,'FILTER, BANDPASS, Fo=30MHz, 3dB BW=7.5MHz, I.L.@Fo=1.5dB MAX., SMA(m)-SMA(f)',49,'SBP-21.4+','mwinfield','2007-12-10 08:29:01','D','',1),(1368,127,15,'AMPLIFIER, RF, VAR. GAIN, G= +27 dB to -30dB, P1dB= +3dBm, +15V BIAS, 0 -5 V CTRL.',49,'ZFL-1000G','mwinfield','2008-01-14 09:11:49','A','',1),(1369,129,16,'ATTENUATOR, DC-6 GHz, 1W, SMA(M-F), 8dB',49,'VAT-8','mwinfield','2007-12-10 09:19:59','A','',1),(1370,127,16,'AMPLIFIER, RF, LOW NOISE, 0.1-500 MHz, G=28dB, P1dB = +5dBm, +15VDC, SMA(f)',49,'ZFL-500LN','mwinfield','2007-12-11 09:53:59','A','',1),(1371,121,290,'BATTERY HOLDER, 4xAA battery, BULGIN - BX0027',187,'BX0027','bwoo','2007-12-10 11:02:23','A','',1),(1372,121,291,'FIBER OPTIC COUPLER, OZ - PMPC-03',188,'PMPC-03','bwoo','2007-12-10 11:57:39','A','',1),(1373,121,292,'RECPTCL HSG, SQ. FLANGE, MALE, SIZE 17, 16 POS.',25,'206036-1','bwoo','2007-12-10 13:28:47','A','ALLIED # 512-1160',1),(1374,127,17,'AMPLIFIER, RF, 0.5- 2.5 GHz, G=37.4dB @ 1.5 GHz, P1dB = +17dBm, +5VDC, SMA(f)',49,'ZX60-2531M-S+','mwinfield','2008-01-14 09:19:46','A','',1),(1375,129,17,'ATTENUATOR, DC-6 GHz, 2 WATT, SMA(M-F), 1dB',49,'VAT-1W2','mwinfield','2007-12-12 07:05:20','A','',1),(1376,130,51,'PWR SUPPLY, LINEAR REG., 24VDC@ 2.1A, 0.25mV RIPPLE, 110 VAC INPUT',56,'A24MT210','mwinfield','2007-12-12 07:16:18','A','',1),(1377,127,18,'AMPLIFIER, RF, 5-500 MHz, 2W, G= 29dB, P1dB= +33dBm, +24V BIAS, SMA(f)',49,'ZHL-1-2W-S','mwinfield','2007-12-12 09:12:23','A','',1),(1378,138,38,'END BRACKET, TERMINAL BLOCK, FOR 15mm DIN RAIL',128,'1401637','mwinfield','2007-12-19 09:04:37','A','',1),(1379,138,39,'COVER, TERM. BLOCK, MT 1,5-QUATTRO TYPE, GRAY',128,'3002982','mwinfield','2007-12-19 09:07:56','A','',1),(1380,107,84,'SHM-50GC sample & hold, 30ns acquisition time to 0.01%, SMT, DATEL',189,'','olipkind','2007-12-19 15:17:18','A','',1),(1381,107,85,'AD783JR high speed sample-and-hold amplifier, SOIC-8, Analog Devices',5,'AD783JR','olipkind','2007-12-19 16:38:48','A','',1),(1382,104,26,'Potentiometer CTX6, 1K, single turn, side adjust, CT6X102-ND, digikey',20,'CT6X102-ND','olipkind','2007-12-20 10:02:08','A','',1),(1383,119,24,'BPF_CF_1428MHz, bandpass filter,  BW=20MHz, LARK ENGINEERING, X8SD1428-20-4AA/L',16,'X8SD1428-20-4AA/L','bwoo','2008-01-03 10:39:55','A','',1),(1384,119,25,'BPF_CF_2856MHz, bandpass filter,  BW=28MHz, LARK ENGINEERING, X8SD2856-28-4AA/L',16,'X8SD2856-28-4AA/L','bwoo','2008-01-03 12:11:32','A','',1),(1385,125,27,' Power splitter ADP-2-10+, 2 Way-0deg., 5-1000MHz, case CD636, mini-circuits',17,'ADP-2-10+','olipkind','2008-01-03 15:22:49','A','',1),(1386,154,4,'MODULE, ADC, 1DIFF. VLTG/ CRNT IN, RS-485 OUT,  10Hz SAMPLE RATE, +V(s)= 10-30V',181,'CB-7012','mwinfield','2008-01-16 14:53:56','A','',1),(1387,107,86,'Differential Amplifier, AD8131AR, High Speed - 400MHZ, SOIC-8, Analog Devices',5,'AD8131AR','olipkind','2008-01-04 15:03:37','A','',1),(1388,107,87,'AD8330ARQ 150MHz Variable Gain Amplifier, 16-Lead QSOP, Analog Devices',5,'AD8330ARQ','olipkind','2008-01-04 15:36:22','A','',1),(1389,101,74,'Cap., cer., SMT 12pF+-5%, 50V, 0805, NPO',107,'08055A120JAT2A','mwinfield','2011-04-14 05:58:05','A','',1),(1390,121,293,'TERM. BLK., EURO STYLE, 6 POS, PCB THRU-HOLE MT. , 5.08MM PITCH, 12-30 AWG, 300V, 15A',28,'39544-3006','mwinfield','2008-01-07 14:12:57','A','',1),(1391,125,28,'POWER SPLITTER, 4-WAY, 1000-2000MHZ, SMA(f)',49,'ZA4PD-2+','mwinfield','2008-01-08 08:42:39','A','',1),(1392,119,26,'FILTER, LOW PASS, DC-1.9 MHz, Fco= 2.5 MHz, SMA(m)-SMA(f)',49,'SLP-1.9(+)','mwinfield','2008-01-11 08:22:31','A','',1),(1393,130,52,'PWR SUPPLY, LINEAR REG., 24VDC@ 3.5A, 0.25mV RIPPLE, 110 VAC INPUT',56,'A24MT350','mwinfield','2008-01-11 06:53:42','A','',1),(1394,119,27,'FILTER, BANDPASS, Fc= 1428MHz, BW= 66MHz, SMA(f)',16,'X5SD1428-66-4AA/L','mwinfield','2008-01-11 08:24:53','A','',1),(1395,107,88,'Opamp LMH6733MQ, high-speed triple opamp,  SSOP-16, National Semi',1,'LMH6733MQ','olipkind','2008-01-11 16:13:18','A','',1),(1396,103,122,'Resistor, 10.7 OHM, 1%, 1/4W, 1206, Panasonic, ERJ8ENF10RV7',15,'ERJ8ENF10RV7','olipkind','2008-01-11 16:59:32','A','',1),(1397,103,123,'Resistor 1.05K OHM, 1%, 1/4W, 1206, Panasonic ERJ-8ENF1051V',15,'ERJ-8ENF1051V','olipkind','2008-01-11 17:06:21','A','',1),(1398,101,75,'Cap., cer., SMT 1600pFx50V,+-5%, COG, 0603',39,'GRM2165C1H162JA01D','mwinfield','2011-04-14 06:33:57','A','',1),(1399,101,76,' Cap., cer., SMT 1300pFx50V,+-5%, COG, 0603',39,'GRM1885C1H132JA01D','mwinfield','2011-04-14 06:07:17','A','',1),(1400,101,77,' Cap., cer., SMT 1200pFx50V,+-5%, COG, 0603, Murata, digikey p/n 490-1453-1-ND',1,'490-1453-1-ND','olipkind','2008-01-14 10:41:11','A','',1),(1401,103,124,'Resistor, 374 OHM, 1%, 1/4W, 1206, Panasonic, ERJ-8ENF3830V',15,'ERJ-8ENF3830V','olipkind','2008-01-14 10:55:55','A','',1),(1402,103,125,'Resistor, 11 OHM, 1%, 1/4W, 1206, Panasonic, ERJ8ENF11RV0',15,'ERJ8ENF11RV0','olipkind','2008-01-14 10:59:07','A','',1),(1403,103,126,'Resistor, 16.5 OHM, 1%, 1/4W, 1206, Panasonic, ERJ8ENF16R5V',15,'ERJ8ENF16R5V','olipkind','2008-01-14 11:02:33','A','',1),(1404,103,127,'Resistor 1.07K OHM, 1%, 1/4W, 1206, Panasonic ERJ-8ENF1071V',15,'ERJ-8ENF1071V','olipkind','2008-01-14 11:12:10','A','',1),(1405,104,27,'Potentiometer CTX6, 10K, single turn, top adjust, CT6W103-ND, digikey',1,'CT6W103-ND','olipkind','2008-01-17 11:20:46','A','',1),(1406,138,40,'TERM. BLK, MICRO-TERM., 2 CLAMP POINTS, 17.5A, 26-16 AWG, 15mm DIN MTG., MT1,5 TYPE',128,'3100305','mwinfield','2008-01-22 10:33:36','A','',1),(1407,130,53,'PWR SUPPLY,24VDC@12.0A, 90-265 VAC IN,SWITCHING,SNGL OUTPUT',56,'W24NT1200','mwinfield','2008-01-23 07:44:23','A','',1),(1408,125,29,'HYBRID, 180 DEG., 4-PORT, 5-200MHz, SMA(f)',35,'JF-02-412','mwinfield','2008-01-25 10:48:26','A','',1),(1409,125,30,'POWER SPLITTER, 4-WAY, 2.0 - 6.0 GHZ, SMA(f)',49,'ZN4PD1-63-S+','mwinfield','2008-01-25 13:22:20','A','',1),(1410,129,18,'ATTENUATOR, DC-6 GHz, SMA(M-F), 12dB',49,'VAT-12','mwinfield','2008-01-29 14:24:15','A','',1),(1411,126,79,'CABLE ASSY, COAX, HAND FORMABLE, .141 O.D., SMA(M) STR-R/A, L= 18 IN.',160,'SMAP/SMAPRA-141CJ-18','mwinfield','2008-02-11 07:44:36','A','',1),(1412,126,80,'CABLE ASSY, COAX, HAND FORMABLE, .141 O.D., SMA(M) R/A-R/A, L= 17 IN.',160,'P1-SMAPRA/SMAPRA-141CJ-17','mwinfield','2008-02-11 09:00:31','A','',1),(1413,126,81,'CABLE ASSY, COAX, HAND FORMABLE, .085 O.D., SMA(M) STR-STR, L= 17\"',160,'P1-SMAP/SMAP-085CJ-17','mwinfield','2008-02-15 10:40:05','A','',1),(1414,126,82,'CABLE ASSY, COAX, HAND FORMABLE, .085 O.D., SMA(M) STR-STR, L= 19\"',160,'P1-SMAP/SMAP-085CJ-19','mwinfield','2008-02-15 10:59:37','A','',1),(1415,126,83,'CABLE ASSY, COAX, HAND FORMABLE, .085 O.D., SMA(M) STR-R/A, L= 15\"',160,'P1-SMAP/SMAPRA-085CJ-15','mwinfield','2008-02-15 11:04:33','A','',1),(1416,200,58,'CABLE ASSY, COAX, HAND FORMABLE, .085 O.D., SMA(M) STR-R/A, L= 25\"',176,'cnf-0b010d-25','mwinfield','2008-02-15 11:14:04','D','',1),(1417,126,84,'CABLE ASSY, COAX, HAND FORMABLE, .085 O.D., SMA(M) STR-R/A, L= 25\"',176,'cnf-0b010d-25','mwinfield','2008-02-15 11:16:03','A','',1),(1418,126,85,'CABLE ASSY, COAX, HAND FORMABLE, .085 O.D., SMA(M), R/A-R/A, L= 17\"',160,'P1-SMAPRA/SMAPRA-085CJ-17','mwinfield','2008-02-15 13:52:32','D','',1),(1419,130,54,'PWR SUPPLY, SNGL, 5VDC, 8A, SWITCHING REG., 50mV P-P RIPPLE',73,'LPS42','mwinfield','2008-02-25 14:00:26','A','',1),(1420,104,28,'RES., CARBON FILM., 51 OHM, 1/4W, 5%, AXIAL LEAD',14,'ERD-S2TJ510V','mwinfield','2008-02-26 10:09:14','A','',1),(1421,126,86,'CABLE ASSY, .100\" CTR SCKT, 16 POS., RIBBON, MLTICOLOR,  SNGL ENDED, 28AWG, 36\"',20,'A1AXH-1636M-ND','mwinfield','2008-03-14 12:13:32','A','',1),(1422,137,4,'DAUGHTERBOARD, I/O, FOR DMC-2183, 40 DIG. I/O, 8 ANALOG INPUTS',97,'DB-28040','mwinfield','2008-03-17 07:11:34','A','',1),(1423,121,294,'RECPTCL HSG, SQ. FLANGE, SERIES 6, Signal and Power, FEMALE, SIZE 17, 10 POS.',25,'213893-2','bwoo','2008-03-19 13:02:40','A','',1),(1424,130,55,'Power Supply DB15-50, +/- 15V, 500mA, mini-encapsulated',94,'DB15-50','bwoo','2008-03-19 13:19:00','A','',1),(1425,130,56,'PWR SUPPLY, LINEAR REG., 6V@4A, ACOPIAN P06MX500',56,'P06MX500','bwoo','2008-03-19 13:22:41','A','',1),(1426,130,57,'PWR SUPPLY, 15V @ 5A, Remote on/off, COSEL - PBA75F-15-R',190,'PBA75F-15-R','bwoo','2008-03-19 13:27:43','A','',1),(1427,128,42,'WIRE, HOOKUP, 24AWG,STRND ,7/32, PVC INS.,UL 1007/1569, WHITE',3,'7587K924','mwinfield','2008-03-20 06:58:42','A','',1),(1428,128,43,'WIRE, HOOKUP, 24AWG,STRND ,7/32, PVC INS.,UL 1007/1569, BLACK',3,'7587K921','mwinfield','2008-03-20 07:00:02','A','',1),(1429,128,44,'WIRE, HOOKUP, 24AWG,STRND ,7/32, PVC INS.,UL 1007/1569, ORANGE',3,'7587K929','mwinfield','2008-03-20 07:01:44','A','',1),(1430,128,45,'WIRE, HOOKUP, 24AWG,STRND ,7/32, PVC INS.,UL 1007/1569, RED',3,'7587K922','mwinfield','2008-03-20 07:02:55','A','',1),(1431,128,46,'WIRE, HOOKUP, 24AWG,STRND ,7/32, PVC INS.,UL 1007/1569, YELLOW',3,'7587K923','mwinfield','2008-03-20 07:04:17','A','',1),(1432,128,47,'WIRE, HOOKUP, 24AWG,STRND ,7/32, PVC INS.,UL 1007/1569, VIOLET',3,'7587K075','mwinfield','2008-03-20 07:05:22','A','',1),(1433,128,48,'WIRE, HOOKUP, 18AWG,STRND ,16/30,PVC INS.,UL 1007/1569, BROWN',3,'7587K058','mwinfield','2008-03-20 07:09:52','A','',1),(1434,128,49,'WIRE, HOOKUP, 18AWG,STRND ,16/30,PVC INS.,UL 1007/1569, BLUE',3,'7587K79','mwinfield','2008-03-20 07:10:49','A','',1),(1435,128,50,'WIRE, HOOKUP, 18AWG,STRND ,16/30,PVC INS.,UL 1007/1569, GREEN/YELLOW',3,'7587K048','mwinfield','2008-03-20 07:11:51','A','',1),(1436,128,51,'WIRE, HOOKUP, 18AWG,STRND ,16/30,PVC INS.,UL 1007/1569, YELLOW',3,'7587K953','mwinfield','2008-03-20 07:12:59','A','',1),(1437,128,52,'WIRE, HOOKUP, 18AWG,STRND ,16/30,PVC INS.,UL 1007/1569, VIOLET',3,'7587K078','mwinfield','2008-03-20 07:13:55','A','',1),(1438,121,295,'TERMINAL, RING, CRIMP, 22-16 AWG, #6 STUD, NYLON INS.',90,'RA18-6','mwinfield','2008-03-20 09:38:05','A','',1),(1439,129,19,'ATTENUATOR, DC-6 GHz, SMA(M-F), 9 dB',49,'VAT-9+','mwinfield','2008-04-10 06:57:15','A','',1),(1440,129,20,'ATTENUATOR, DC-6 GHz, SMA(M-F), 5dB',49,'VAT- 5+','mwinfield','2008-04-10 07:00:26','A','',1),(1441,105,18,'Inductor, SMT, 3.9uH+-5 %, case   2520, Q=25, CRF=60MHz, DCR=1.4ohm, p/n PCD1235CT-ND DigiKey',20,'PCD1235CT-ND','olipkind','2008-04-18 10:44:18','A','',1),(1442,105,19,'Inductor, SMT, 680nH+-5 %, case 2520, Q=10, CRF=130MHz, DCR=1.85ohm, p/n PCD1218CT-ND DigiKey',1,'Inductor, SMT, 680nH+-5 %, case 2520, Q=10, CRF=130MHz, DCR=1.85ohm, p/n PCD1218CT-ND','olipkind','2008-04-18 11:12:47','A','',1),(1443,105,20,'Inductor, SMT, 47nH+-10 %, case 2520, Q=15, CRF=770MHz, DCR=0.59ohm, p/n PCD1045CT-ND',20,'PCD1045CT-ND','olipkind','2008-04-18 11:17:44','A','',1),(1444,102,19,'Cap, cer., 470pFx200V, +-5%, Radial, NPO, lead spacing 2.54mm, through hole, DigiKey p/n 399-4183-ND',20,'399-4183-ND','olipkind','2008-04-18 16:08:53','A','',1),(1445,121,296,'CONN. HSG, PLUG, AMP MINI-UNVRSL MATE-N-LOK, 4 POS., 600V, 9A',25,'172167-1','mwinfield','2012-10-22 09:14:21','A','',1),(1446,121,297,'CONN. HSG,AMP-TYCO MINI-UNIVERSAL MATE-N-LOK, 8 POS., 600V, 9A',25,'770579-1','mwinfield','2008-11-18 07:02:18','A','',1),(1447,121,298,'CNTCTS., SOCKET, CRIMP, 26-22AWG, MINI UNVRSL. MATE-N-LOCK, Pb PL',25,'770986-1','mwinfield','2008-04-28 13:06:39','A','',1),(1448,137,5,'MOTOR INTERCONNECT, 4 CH., 3.0A MAX., MICROSTEPPER DRIVES',96,'SDM-20640','mwinfield','2008-04-28 13:19:47','A','',1),(1449,139,10,'FAN, 12VDC, 80mm x 25mm, 19.4CFM, 12dBA',155,'8412NGLE','bwoo','2008-04-29 09:00:48','A','',1),(1450,105,21,'Inductor SMT, 100uH+-5%, Qmin=40, SRF=8.5MHz, DCR=8ohm, Coilcraft, p/n 1812LS-104X_B',191,'1812LS-104X_B','olipkind','2008-06-05 14:58:52','A','',1),(1451,130,58,'Power Supply, Linear Regulated, 5EB50, 5V, 0.5A',56,'5EB50','mwinfield','2008-09-30 14:31:49','A','',1),(1452,117,13,'FUSE, 5 AMP SLO-BLO, 250VAC, 3AG',112,'313005','mwinfield','2008-06-19 07:15:38','A','',1),(1453,117,14,'FUSE, 3 AMP, SLO-BLO, 250VAC, 3AG',112,'313003','mwinfield','2008-06-19 07:16:53','A','',1),(1454,103,128,'Resistor 1.18K+-1%, 1206, TKF, Panasonic ERJ-8ENF1181V',14,'Resistor 1.18K+-1%, 1206, TKF, Panasonic ERJ-8ENF2671V','olipkind','2008-06-26 10:03:58','A','',1),(1455,103,129,'Resistor 4.75K+-1%, 1206, TKF, Panasonic ERJ-8ENF4751V',14,'ERJ-8ENF4751V','olipkind','2008-06-26 10:05:34','A','',1),(1456,103,130,'Resistor 2.21K+-1%, SMT, 1206, TKF, Panasonic ERJ-8ENF2211V',1,'ERJ-8ENF2211V','olipkind','2008-06-26 10:50:59','A','',1),(1457,103,131,' Resistor, 47.5 OHM, 1%, 1/4W, 1206, Panasonic, ERJ-8ENF47R5V',1,'ERJ-8ENF47R5V','olipkind','2008-06-26 11:01:06','A','',1),(1458,103,132,'Resistor, 30.1K OHM, 1%, 1/4W, 1206, Panasonic, ERJ-8ENF3012V',14,'ERJ-8ENF3012V','olipkind','2008-06-26 11:19:14','A','',1),(1459,108,32,'NE555PSR, astable multivibrator, SO-8, TI',8,'NE555PSR','olipkind','2008-07-15 16:30:14','A','',1),(1460,104,29,'CT6P104-ND, potentiometer, 100K, single turn, top, digikey',20,'CT6P104-ND','olipkind','2008-07-15 16:59:32','A','',1),(1461,103,133,'Resistor 1.13K+-1%, 1206, TKF, Panasonic ERJ-8ENF1131V',15,'ERJ-8ENF1131V','olipkind','2008-07-18 10:51:32','A','',1),(1462,101,78,'CAP, SMT, 0805, MULTILAYER CERAMIC, 27pF, NPO, +-5%, 50v',107,'08055A270JAT2A','mwinfield','2011-04-07 07:31:54','A','',1),(1463,101,79,'Capacitor, Cer., 1000pF, 50V, +/- 10%, X7R, 1206',12,'CC1206KRX7R9BB102','mwinfield','2011-04-14 05:15:59','A','',1),(1464,127,19,'AMPLIFIER, RF, 20W, 20-500MHz G= 43dBm, P1dB= 10W min., +28 VDC, 3A Max.',192,'5903027','mwinfield','2008-10-22 07:18:04','A','',1),(1465,127,20,'AMPLIFIER, RF, 25W, 0.15-500MHz G= 43dBm, P1dB= 15W min.+28 VDC, 5A Max.',139,'5903055','mwinfield','2008-10-22 07:19:57','A','',1),(1466,127,21,'RF limiting Amplifier, 5-500MHz, Gain = 9.5dB  Typ., -1dBm Sat. Pwr. Out, +/- 0.3 dB Sat. Flatness',193,'BXL9053','mwinfield','2008-11-06 14:19:27','A','',1),(1467,121,299,'CONN, Housing, 4 pos, 15 AMPS, Universal Mate-N-LOK,',25,'350779-1','bwoo','2008-07-30 11:15:27','A','',1),(1468,130,59,'A28H1400 power supply, linear, 28V, 14A, 0.25mv noise, Acopian',56,'A28H1400','olipkind','2008-07-30 11:48:25','A','',1),(1469,121,300,'CONN., D-SUB, 15 POS., PLUG, PCB MT., .030 PIN DIA., PER MIL-C-24308',127,'DAMM15PE','mwinfield','2008-08-04 14:50:58','A','',1),(1470,121,301,'CNTCT, SOCKET, MINI-UNIVERSAL MATE-N-LOK, 26-22AWG',25,'170361-1','mwinfield','2008-09-09 09:27:27','D','',1),(1471,136,5,'POWER ENTRY MODULE, DPST SW., DUAL VLTG.,DUAL FUSE, 10A. FILTER SHIELD',62,'PS0SXDSXA','mwinfield','2008-09-11 11:12:36','A','',1),(1472,117,15,'FUSE, 8 AMP SLO-BLO, 250VAC, 3AG',112,'313008P','mwinfield','2008-09-11 11:30:01','A','',1),(1473,130,60,'PWR SUPPLY,24VDC@ 30A, 90-265 VAC IN,SWITCHING, PWR FACTOR CORRECTION',56,'W24LT3000','mwinfield','2008-09-11 13:14:04','A','',1),(1474,121,302,'CONN, PLUG HSG., 10 POS., AMP MICRO MATE-N-LOK, 3mm PITCH, DUAL ROW, FREE HANGING',25,'1-794616-0','mwinfield','2011-08-29 05:52:29','A','',1),(1475,107,89,'ADG1433YRUZ, analog switch, triple SPDT, analog devices',5,'ADG1433YRUZ','olipkind','2008-09-30 17:22:42','A','',1),(1476,121,303,'CONN, PLUG HSG., 10 POS., AMP MICRO MATE-N-LOK, 3mm PITCH, DUAL ROW, PNL MT',25,'1-794615-0','mwinfield','2011-08-29 05:53:21','A','',1),(1477,104,30,'RESISTOR, 51 OHM, POWER, 35W, TO-220',194,'TCH35P51R0JE','mwinfield','2008-10-22 07:31:16','A','',1),(1478,120,8,'PHASE TRIMMER, MECH, DC-18GHZ, 9.5 deg./ F(ghz), SMA(m-f)',74,'PE8200','mwinfield','2008-10-23 06:41:32','A','',1),(1479,125,31,'POWER SPLITTER, 2-WAY, 0 DEG., 0.1-2.0 GHZ, SMA(f)  , ROHS',49,'ZESC-2-11+','mwinfield','2008-10-23 07:44:57','A','',1),(1480,125,32,'POWER SPLITTER, 2-WAY, 180 DEG., 10-1000 MHZ, SMA(f)',49,'ZFSCJ-2-4-S','mwinfield','2008-10-23 07:49:47','A','',1),(1481,119,28,'FILTER, LOW PASS, PASSBAND=DC-48MHZ, Fco=55MHZ, SMA(M-F)',49,'SLP-50+','mwinfield','2008-10-24 07:26:09','A','',1),(1482,132,10,'COUPLER, BI-DIRECTIONAL, 10-600 MHZ, 20dB, 50W, SMA(f)',49,'ZFBDC20-62HP-S+','mwinfield','2009-03-20 08:26:58','A','',1),(1483,108,33,'MONOSTABLE MULTIVIBRATOR, DUAL RETRIGGERABLE, HC FAMILY, SOIC-16, CD74HC123M96',8,'CD74HC123M96','mwinfield','2012-02-17 14:28:22','A','',1),(1484,101,80,'CAP, SMT, 0805, MULTILAYER CERAMIC, 4.7UF, 16 WVDC, X5R, +/- 10%',107,'0805YD475KAT2A','mwinfield','2011-04-14 13:05:00','A','',1),(1485,101,81,'CAP, SMT, 0805, MULTILAYER CERAMIC, 0.1UF, 25 WVDC, X7R, +/- 10%',107,'08053C104KAT2A','mwinfield','2011-04-13 07:09:32','A','',1),(1486,101,82,'CAP, SMT, 0805, MULTILAYER CERAMIC, 1000pF, 50 WVDC, X7R, +/- 10%',107,'08055C102KAT2A','mwinfield','2011-04-13 07:12:21','A','',1),(1487,104,31,'RES., MINIATURE WIREWOUND, NON-INDUCTIVE, 51 OHM, 2W, 1%, AXIAL LEAD',194,'WNC51RFET','mwinfield','2008-11-03 10:45:46','A','',1),(1488,117,16,'FUSE, 3.2 AMP, SLO-BLO, 250VAC, 3AG',112,'31303.2','mwinfield','2008-11-05 14:39:55','A','',1),(1489,118,12,'HEATSINK, TO-3 TYPE, 4.75\" x 1.5\" x 1.25\", NO MTG HOLES,  BLK ANODIZED',195,'401K','mwinfield','2008-11-10 06:59:31','A','',1),(1490,139,11,'FAN, 24VDC, 80mm x 25.4mm, 34.1CFM, 26dB(A)',141,'8414NGM','mwinfield','2008-11-11 09:53:06','A','',1),(1491,121,304,'CNTCT, PIN, CRIMP, UNIV. MATE-N-LOK, 24-18 AWG, 30u AU PL',25,'350690-7','mwinfield','2008-11-12 11:17:10','A','',1),(1492,121,305,'CNTCT, SCKT, CRIMP, UNIV. MATE-N-LOK, 24-18 AWG, 30u AU PL',25,'350689-7','mwinfield','2008-11-12 11:17:38','A','',1),(1493,121,306,'CONN HSG., PLUG, 2 POS. UNIV. MATE-N-LOK, WHT NYLON',25,'350777-1','mwinfield','2008-11-12 11:18:06','A','',1),(1494,121,307,'CONN HSG, CAP/RCPTCL, 2 POS, UNIV. MATE-N-LOK, WHT NYLON',25,'350778-1','mwinfield','2008-11-12 11:18:28','A','',1),(1495,105,22,'Inductor SMT, D75F, 270uH+-10%, Rdc=1.25ohm, Toko, DigiKey pn TKS2555CT-ND',20,'TKS2555CT-ND','olipkind','2008-11-19 14:07:32','A','',1),(1496,103,134,'Resistor, 12.1K+-1%, SMT,1206, Panasonic ERJ-8ENF1212V',15,'ERJ-8ENF1212V','olipkind','2008-12-03 13:52:27','A','',1),(1497,103,135,'Resistor 2.87K+-1%, 1206, TKF, Panasonic ERJ-8ENF2871V',15,'ERJ-8ENF2871V','olipkind','2008-12-03 14:20:22','A','',1),(1498,121,308,'FERRULE, WIRE TERM., 14 AWG., 8mm L, W/ INS. COLLAR, BLUE, IAW DIN 46 228-4',3,'7950K97','mwinfield','2008-12-11 06:35:29','A','',1),(1499,107,90,'AD7490BSU, ADC 16ch, 1MSPS, 12-bit, TSSOP, Analog Devices',5,'AD7490BSU','olipkind','2009-01-06 16:15:04','A','',1),(1500,107,91,'AD780AR, High precision reference, +2.5V, SOIC-8, Analog Devices',1,'AD780AR','olipkind','2009-01-09 11:16:10','A','',1),(1501,121,309,'RECPT HSG, FREE-HANGING, RVRS SEX, SCKTS, SIZE 23, 37 POS.',25,'206306-4','mwinfield','2009-01-13 10:28:19','A','',1),(1502,121,310,'RECPT HSG, CPC SER.2, FREE-HANGING, RVRS SEX, SCKTS, SIZE 17, 28 POS.',25,'206038-2','mwinfield','2009-01-14 08:24:58','A','',1),(1503,107,92,'AD5360BSTZ, 16 channels, 16 bits DAC, SDI interface, LQFP package, Analog Devices',5,'AD5360BSTZ','olipkind','2009-01-16 13:55:08','A','',1),(1504,105,23,'Inductor SMT, 5.8uH+-10%, SRF=37MHz, Q=21, DRC=0.28ohm, p/n 1008AF-582XKLB coilcraft',196,'1008AF-582XKLB','olipkind','2009-02-03 11:34:26','A','',1),(1505,126,87,'CABLE ASSY, COAX, HAND FORMABLE, .085 O.D., SMA(M) STR-R/A, L= 7 IN.',160,'P1-SMAP/SMAPRA-085CJ-07','mwinfield','2009-02-04 11:06:22','A','',1),(1506,126,88,'CABLE ASSY, COAX, HAND FORMABLE, .085 O.D., SMA(M) STR-R/A, L= 9 IN.',160,'P1-SMAP/SMAPRA-085CJ-09','mwinfield','2009-02-04 11:09:58','A','',1),(1507,126,89,'CABLE ASSY, COAX, HAND FORMABLE, .085 O.D., SMA(M) STR-STR, L= 13 IN.',160,'P1-SMAP/SMAP-085CJ-13','mwinfield','2009-02-04 11:13:27','A','',1),(1508,126,90,'CABLE ASSY, COAX, HAND FORMABLE, .085 O.D., SMA(M) STR-R/A, L= 17 IN.',160,'P1-SMAP/SMAPRA-085CJ-17','mwinfield','2009-02-04 11:17:59','A','',1),(1509,126,91,'CABLE ASSY, COAX, HAND FORMABLE, .085 O.D., SMA(M) STR-R/A, L= 14\"',160,'P1-SMAP/SMAPRA-085CJ-14','mwinfield','2009-02-04 12:55:56','A','',1),(1510,126,92,'CABLE ASSY, COAX, HAND FORMABLE, .085 O.D., SMA(M) STR-STR, L= 15 IN.',160,'P1-SMAP/SMAP-085CJ-15','mwinfield','2009-02-04 12:58:18','A','',1),(1511,126,93,'CABLE ASSY, COAX, HAND FORMABLE, .085 O.D., SMA(M) R/A-R/A, L= 12 IN.',160,'P1-SMAPRA/SMAPRA-085CJ-12','mwinfield','2009-02-04 13:03:41','A','',1),(1512,126,94,'CABLE ASSY, COAX, HAND FORMABLE, .085 O.D., SMA(M) R/A-R/A, L= 14 IN.',160,'P1-SMAPRA/SMAPRA-085CJ-14','mwinfield','2009-02-04 13:06:46','A','',1),(1513,126,95,'CABLE ASSY, COAX, HAND FORMABLE, .085 O.D., SMA(M) R/A-R/A, L= 10 IN.',160,'P1-SMAPRA/SMAPRA-085CJ-10','mwinfield','2009-02-04 13:09:48','A','',1),(1514,126,96,'CABLE ASSY, COAX, HAND FORMABLE, .085 O.D., SMA(M) STR-STR, L= 18\"',160,'P1-SMAP/SMAP-085CJ-18','mwinfield','2009-02-04 13:12:38','A','',1),(1515,126,97,'CABLE ASSY, COAX, HAND FORMABLE, .085 O.D., SMA(M) STR-STR, L= 16\"',160,'P1-SMAP/SMAP-085CJ-16','mwinfield','2009-02-04 13:14:41','A','',1),(1516,126,98,'CABLE ASSY, COAX, HAND FORMABLE, .085 O.D., SMA(M) STR-STR, L= 12 IN.',160,'P1-SMAP/SMAP-085CJ-12','mwinfield','2009-02-04 13:23:37','A','',1),(1517,126,99,'CABLE ASSY, COAX, HAND FORMABLE, .085 O.D., SMA(M) STR-STR, L= 14 IN.',160,'P1-SMAP/SMAP-085CJ-14','mwinfield','2009-02-04 13:25:56','A','',1),(1518,126,100,'CABLE ASSY, COAX, HAND FORMABLE, .085 O.D., SMA(M) STR-R/A, L= 4 IN.',160,'P1-SMAP/SMAPRA-085CJ-04','mwinfield','2009-02-04 13:28:15','A','',1),(1519,126,101,'CABLE ASSY, COAX, HAND FORMABLE, .085 O.D., SMA(M) STR-R/A, L= 10\"',160,'P1-SMAP/SMAPRA-085CJ-10','mwinfield','2009-02-04 13:40:09','A','',1),(1520,121,311,'CONN., D-SUB, 15 POS., MALE SHELL, CRIMP TYPE',25,'205206-9','mwinfield','2009-02-05 11:18:58','A','',1),(1521,102,20,'CAP, 820UF, 100V, AL. ELECTROLYTIC, RADIAL LEAD, 105 C',197,'UHE2A821MHD','mwinfield','2009-02-10 07:10:23','A','',1),(1522,126,102,'CABLE ASSY, COAX, HAND FORMABLE, .085 O.D., SMA(M) STR-R/A, L= 5\"',160,'P1-SMAP/SMAPRA-085CJ-5','mwinfield','2009-02-20 08:20:38','A','',1),(1523,103,136,'Resistor, SMT, TKF, 4.99K+-1%, 1206, Panasonic ERJ-8ENF4991V',15,'ERJ-8ENF4991V','olipkind','2009-02-26 14:37:48','A','',1),(1524,126,103,'CABLE ASSY, COAX, HAND FORMABLE, .141 O.D., SMA(M) STR-STR, L= 24 IN',160,'P1-SMAP/SMAP-141CJ-24','mwinfield','2009-03-03 14:33:10','A','',1),(1525,126,104,'CABLE ASSY, COAX, HAND FORMABLE, .141 O.D., SMA(M) STR-R/A, L= 14 IN.',160,'P1-SMAP/SMAPRA-085CJ-14','mwinfield','2009-03-03 14:42:36','D','',1),(1526,126,105,'CABLE ASSY, COAX, HAND FORMABLE, .141 O.D., SMA(M) STR-STR, L= 17 IN.',160,'P1-SMAP/SMAP-141CJ-17','mwinfield','2009-03-05 07:11:47','A','',1),(1527,118,13,'TERMINATION,50 OHM, 1 WATT, SMA-M, DC-18 GHz, with CHAIN',49,'ANNE-50CN+','mwinfield','2009-03-19 05:31:49','A','',1),(1528,118,14,'SHORT, SMA(m), WITH MOUNTING CHAIN',74,'PE6131','mwinfield','2009-03-19 05:36:39','A','',1),(1529,126,106,'CABLE ASSY, COAX, HAND FORMABLE, .085 O.D., SMA(M) STR-STR, L= 28\"',160,'P1-SMAP/SMAP-085CJ-28','mwinfield','2009-03-19 06:18:50','A','',1),(1530,121,312,'RCPTCL HSG, FREE-HANGING, REVERSE POLARITY, FEMALE, SERIES 2, SIZE 11, 8 POS.',25,'206433-2','mwinfield','2009-04-02 12:58:03','A','',1),(1531,107,93,'AD5753BREZ, 16-bit dual DAC, serial, voltage output, bipolar, TSSOP-24, analog Devices',5,'AD5753BREZ','olipkind','2009-04-09 17:48:19','A','',1),(1532,101,83,'Cap. ceramic, SMT, 2000pF +-5%, COG, 0805, 50V',39,'GRM2165C1H202JA01D','mwinfield','2011-04-14 07:30:44','A','',1),(1533,107,94,'IXZ380N120, N-Channel Z-MOS RF PowerOSFET switch,I XYSRF',198,'IXZ380N120','olipkind','2009-05-27 14:30:33','A','',1),(1534,121,313,'RCPTCL HSG, SQ. FLANGE, RVRS. SEX, AMP CPC, SIZE 13, 7 SKTS',25,'211398-1','mwinfield','2010-09-13 09:30:51','A','',1),(1535,121,314,'PIN, CRIMP, AMP TYPE III+, 20-24AWG, 15u Au-Ni PL',25,'66103-3','mwinfield','2009-06-05 07:32:37','A','',1),(1536,121,315,'FERRULE, WIRE TERM., 22-20AWG., 8mm L, W/ I,NS. COLLAR, WHITE IAW DIN 46 228-4',3,'7950K82','mwinfield','2009-06-05 08:12:55','A','',1),(1537,121,316,'ADAPTER, BULKHEAD, SMA(f) TO SMA(f), ISOLATED GROUND, .295 x .330 \"D\" HOLE',74,'PE9067','mwinfield','2009-06-08 11:01:35','A','',1),(1538,103,137,'Resistor 909 ohm+-1%, 1206, SMT, ERJ-8ENF9090V, Panasonic',15,'ERJ-8ENF1820V','olipkind','2009-06-23 10:34:50','A','',1),(1539,127,22,'RF power meter AD8318-EVALZ evaluation board, 1-8GHz, 60dB, Analog Devices',5,'AD8318-EVALZ','olipkind','2009-07-16 11:21:08','A','',1),(1540,121,317,'CONN, PLUG HSG., FREE-HANGING, UNVRSL MICRO MATE_N_LOK, 2 POS, 3MM PITCH',25,'1445049-2','mwinfield','2009-07-16 14:01:59','A','',1),(1541,121,318,'CONN, RCPTCL HSG., FREE-HANGING, UNVRSL MICRO MATE_N_LOK, 2 POS, 3MM PITCH',25,'1445022-2','mwinfield','2009-07-16 14:03:45','A','',1),(1542,121,319,'ADAPTER, BNC (f-f), 75 OHM, ISOLATED GND, BLKHD MT., .475 x .500 D MTG. HOLE',74,'PE9366','mwinfield','2009-07-31 09:49:15','A','',1),(1543,121,320,' ADAPTER, BNC (f-f), ISOLATED GND, BLKHD MT., .475 x .500 D MTG. HOLE',74,'PE9172','mwinfield','2009-07-31 09:53:23','A','',1),(1544,121,321,'COUPLER, FEEDTHRU, ETHERNET, MODULAR 8x8, CAT6, SHIELDED',95,'TDG1026KS-C6','mwinfield','2009-08-12 12:55:48','A','',1),(1545,121,322,'CONN HSG.,REV. SEX, PLUG,AMP CPC, SERIES 2, SIZE 11-8,  PIN CONTACTS',25,'206434-1','mwinfield','2009-08-17 10:41:42','A','',1),(1546,121,323,'CONN HSG, D-SUB 37 POS., MALE, ZINC PL',25,'205210-8','mwinfield','2009-08-17 11:13:36','A','',1),(1547,121,324,'BACKSHELL, D-SUB 37 POS, CLAM SHELL, BLACK THERMOPLASTIC, (2) 4-40 THMBSCRWS',117,'972-037-01SR011','mwinfield','2009-08-17 14:21:59','A','',1),(1548,121,325,'CABLE CLAMP KIT, AMP/TYCO CPC SIZE 11, CABLE O.D.= .329 IN.',25,'1-206062-4','mwinfield','2009-08-17 14:29:16','A','',1),(1549,141,19,'CABLE, MULTICOND., 4 TWSTD PRS., 22 AWG, SHLDED, TYPE CM/PLTC, O.D. =.315 IN.',51,'6419','mwinfield','2009-08-17 14:36:17','A','',1),(1550,107,95,'ADA4817-1ARDZ, fast FET opamp, 8-soic, Analog Devices',5,'ADA4817-1ARDZ','olipkind','2009-08-19 10:48:50','A','',1),(1551,107,96,'MAX4678EUE,Ananlog switch, 16-TSSOP, 1.6ohm ON resistance, Maxim',21,'MAX4678EUE','olipkind','2009-08-19 11:43:50','A','',1),(1552,126,107,'CBL ASSY, 2 x 50 CND. RIBBON,  HIGH DENSITY TO 2 x 50PIN IDC, 5ft. L',181,'C100FF-5','mwinfield','2009-08-21 09:32:34','A','',1),(1553,141,20,'CABLE, MULTICOND., FOIL/ BRAID SHLDS, 2 TWSTD PRS, 24 AWG, PVC JKT, UL TYPE CM, UL AWM STYLE 2464',51,'6362','mwinfield','2009-08-21 09:47:05','A','',1),(1554,125,33,'HYBRID PWR DIVIDER, 180 DEG., 4 PORT, 1.0-2.0 GHz, 22dB ISO., 80W, SMA(f)',35,'JSO-01-465/3S','mwinfield','2009-08-26 10:13:28','A','',1),(1555,124,8,'MIXER, FREQUENCY, LO/RF=1.6-6.0 GHz, IF=DC-2000MHZ, LO=7dBm, SMA(f)',49,'ZX05-C60+','mwinfield','2009-09-03 14:43:01','A','',1),(1556,121,326,'PLUG KIT, 100 POS., SCSI-3, IDC DICRETE WIRE, 30-28 AWG, .AMPLIMITE .050',25,'1-5750913-9','mwinfield','2009-09-14 08:59:46','A','',1),(1557,141,21,'CABLE, MULTICOND., 10 COND., 24 AWG, FOIL SHLD, TYPE CM/ AWM 2576',51,'1219/10C','mwinfield','2009-09-14 10:00:24','A','',1),(1558,121,327,'PHONE PLUG, MICRO, 2.5MM, 2 COND., STRAIGHT, SOLDER TERM.',180,'850X','mwinfield','2009-09-14 13:54:47','A','',1),(1559,121,328,'CONN HSG.,RVRS. SEX, PLUG, AMP CPC, SIZE 13-7,  PIN CONTACTS',25,'211400-1','mwinfield','2009-09-17 06:45:14','A','',1),(1560,121,329,'CONN HSG.,RVRS. SEX, FREE HANGING RECPT.,AMP CPC, SIZE 17-14,  SOCKET CONTACTS',25,'206043-3','mwinfield','2009-09-17 11:30:33','A','',1),(1561,121,330,'STRAIN RELIEF, AMP CPC, SHELL SIZE 13, .435\" MAX. CBL O.D.',25,'206966-7','mwinfield','2009-09-17 06:56:29','A','',1),(1562,121,331,'STRAIN RELIEF, AMP CPC, SHELL SIZE 17, .453\" MAX. CBL O.D.',25,'206070-8','mwinfield','2009-09-17 07:02:06','A','',1),(1563,121,332,'STRAIN RELIEF, AMP CPC, SHELL SIZE 11, .329, RoHS',25,'1-206062-6','mwinfield','2011-08-26 06:48:48','A','',1),(1564,141,22,'CABLE, MULTICOND., FOIL/ BRAID SHLDS, 3 TWSTD PRS, 24 AWG, PVC JKT, UL TYPE CM, UL AWM STYLE 2464',51,'6363','mwinfield','2009-09-17 07:15:44','A','',1),(1565,121,333,'STRAIN RELIEF, AMP CPC, SHELL SIZE 23, .703\" MAX. CBL O.D.',25,'206138-8','mwinfield','2009-09-23 09:38:14','A','',1),(1566,141,23,'CABLE, MULTICOND., FOIL/ BRAID SHLDS, 10 TWSTD PRS, 24 AWG, PVC JKT, UL TYPE CM, UL AWM STYLE 2464',51,'6368','mwinfield','2009-09-23 10:07:33','A','',1),(1567,126,108,'CABLE ASSY, 68 PIN VHDCI TO 68 PIN .050 PITCH D CONNECTOR, SHIELDED, 2m LONG',199,'186381-02','mwinfield','2009-09-28 10:47:16','A','',1),(1568,125,34,'Power splitter SYPS-ED12879/2, SMT, 0.3-2900MHz, mini-circuits',17,'SYPS_ED12879/2','olipkind','2009-10-01 16:10:24','A','',1),(1569,148,3,'ACTUATOR, SERVOMOTOR, 12VDC, 6mm TRAVEL, 256:1 GEAR RDCTN, VACUUM RATED',150,'Z606V','mwinfield','2009-10-05 08:36:02','A','',1),(1570,148,4,'ACTUATOR, SERVOMOTOR, 12VDC, 25mm TRAVEL, 256:1 GEAR RDCTN, VACUUM RATED, 3/8 BARREL FITTING',150,'Z625BV','mwinfield','2009-10-05 08:37:16','A','',1),(1571,121,334,'PLUG, WIREMOUNT IDC HEADER, 10 POS., 0.1\" PITCH, SHROUDED, 26-28AWG',27,'4610-6051','mwinfield','2009-10-05 09:17:42','A','',1),(1572,141,24,'CABLE, FLAT RIBBON, ROUND JACKETED, 10 COND., 26AWG, PVC INSUL.',27,'3758/10','mwinfield','2009-10-05 10:26:07','A','',1),(1573,121,335,'PIN, CRIMP, AMP TYPE -III+, 24-26AWG, 30u Au-Ni PL',25,'66107-4','mwinfield','2009-10-05 10:55:19','A','',1),(1574,103,138,'Resistor SMT, TKF,499 ohm, +-1%, 1/16W, 0402, Panasonic ERJ-2RKF4990V',15,'ERJ-2RKF4990V','olipkind','2009-10-05 16:24:26','A','',1),(1575,103,139,'Resistor SMT, TKF,1K +-1%, 1/16W, 0402, Panasonic ERJ-2RKF1001V',15,'ERJ-2RKF1001V','olipkind','2009-10-05 16:27:59','A','',1),(1576,121,336,'SOCKET, CRIMP, AMP TYPE -III+, 24-26AWG, 30u Au-Ni PL',25,'66109-4','mwinfield','2009-10-06 11:37:01','A','',1),(1577,125,35,'Power splitter RPS-2-30+, SMT, 10-3000MHz, 2 Way-0, mini-circuits',17,'RPS-2-30+','olipkind','2009-10-07 11:32:35','A','',1),(1578,121,337,'CONN HSG, 10 POS, 2 ROW, MOLEX C-GRIDIII, .100 CTR.',28,'90142-0010','mwinfield','2009-10-08 07:55:26','A','',1),(1579,121,338,'PIN CNTCT, MOLEX C-GRID III, 24-22 AWG, Au PL',28,'90119-2110','mwinfield','2009-10-08 07:57:53','A','',1),(1580,141,25,'CABLE, COAXIAL, DC-6 GHz, V.P.= 84%, CTR CND.= SOLID BC, Al.TAPE/ Cu BRD SHLD',200,'LMR-240','mwinfield','2009-10-12 09:05:52','A','',1),(1581,121,339,'CONN HSG, PLUG, FEM, AMP MINI-CPC, 4 POS, SHELL SZ 8',25,'1445390-3','mwinfield','2009-10-19 08:41:38','A','',1),(1582,121,340,'CONN HSG, D-SUB 25 POS., MALE, CRIMP, ZINC PL',25,'5205208-1','mwinfield','2009-10-19 08:45:27','A','',1),(1583,121,341,'STRAIN RELIEF, AMP MINI-CPC, SHELL SIZE 8, .173\" MAX. CBL O.D.',25,'1445730-1','mwinfield','2009-10-19 08:52:30','A','',1),(1584,121,342,'CABLE CLAMP KIT, D-SUB 25 POS, BLACK THERMOPLASTIC',25,'5207908-7','mwinfield','2009-10-19 09:12:14','A','',1),(1585,141,26,'CABLE, MULTICOND., 2 TWSTD PRS., 22 AWG, SHLDED, TYPE CM/PLTC, O.D. =.280 IN.',51,'6417','mwinfield','2009-10-19 09:32:01','A','',1),(1586,127,23,'Monolitic MMIC amplifier GVA-83+, gain 20dB, 5V, Mini-circuits',17,'GVA-83+','olipkind','2009-10-21 14:01:01','A','',1),(1587,105,24,'Inductor SMT, 6.8uH+-10%, Q=50, 1ohm, SRF=25MHz, p/n PCT1451CT-ND',20,'PCT1451CT-ND','olipkind','2009-10-21 14:26:55','A','',1),(1588,107,97,'ADG712BR, analog switch, 2.5ohm, SOIC-16, Analog Devices',5,'ADG712BR','olipkind','2009-10-22 09:20:07','A','',1),(1589,103,140,'Resistor 7.5OHM+-5%, 1W, 2512 SMT, 1W, p/n PT7.5XCT-ND digikey',20,'PT7.5XCT-ND','olipkind','2009-10-22 14:36:06','A','',1),(1590,101,84,'Cap 4.7uFx16V+-10%, AAVX p/n  TAJA475K020RNJ, digikey p/n 478-1668-1-ND',1,'478-1668-1-ND','olipkind','2009-10-26 14:58:43','A','',1),(1591,141,27,'CABLE, MULTICOND., 60 COND., 24 AWG, FOIL SHLD, PVC JKT, TYPE CM/ AWM 2464',51,'5100/60C','mwinfield','2009-10-27 09:26:52','A','',1),(1592,121,343,'BACKSHELL, SHLD, STR, D-SUB 37 CONDUCTOR, DIE-CAST ZINC ALLOY',25,'5748676-4','mwinfield','2009-11-06 08:45:27','A','',1),(1593,121,344,'CONN HSG, D-SUB 37 MALE, PER MIL-C-24308, AMP SERIES 109',25,'1757819-4','mwinfield','2009-11-10 07:12:39','A','',1),(1594,126,109,'CABLE ASSY, COAX, HAND FORMABLE, .085 O.D., SMA(M) STR-R/A, L= 6 IN',160,'P1-SMAP/SMAPRA-085CJ-6','mwinfield','2009-11-19 06:52:31','A','',1),(1595,127,24,'AMPLIFIER, LOW NOISE, 4.5-5.5 GHZ, G=26dB min., P1dB= +10dBm, nf= 1.6dB max., +15VDC, SMA(f)',201,'AML45L2601','mwinfield','2009-12-22 08:40:21','A','',1),(1596,107,98,'AD8513AR, OPAMP, JEFT, SOIC-14, AD',5,'AD8513AR','olipkind','2010-01-05 15:54:38','A','',1),(1597,107,99,'ADG713BR, Analog Switch, SPST, 2.5ohm ON resistanse, quad, 2NO, 2NC, Analog Devices',5,'ADG713BR','olipkind','2010-01-06 09:34:46','A','',1),(1598,115,12,'Relay B41-0001, SPST, QUAD, SMT, 5V, 35mA, COTO',130,'B41-0001','olipkind','2010-01-13 11:34:28','A','',1),(1599,115,13,'Relay, 9903-05-00, SMT, Reed type, 6.5GHz bandwidth, 50 ohm, 5V, 33mA, SMT, sheilded, Gull wing, COTO, digikey p/n 306-1198-ND',130,'9903-05-00','olipkind','2010-01-14 15:04:14','A','',1),(1600,101,85,'Capacitor, ceramic, SMT, 22pFx16V, +-5%, NPO, 0603',39,'GRM0225C1C220JD05D','mwinfield','2011-04-14 08:09:12','A','',1),(1601,101,86,'Capacitor cer., SMT, 10uFx10V, +-10%, X5R, 1206',214,'C3216X5R1A106K','mwinfield','2011-04-13 07:33:15','A','',1),(1602,103,141,'Resistor, 100K+-1%, 0805, p/n ERJ-6ENF1003V',15,'ERJ-6ENF1003V','olipkind','2010-02-25 09:51:08','A','',1),(1603,134,5,'RF-Switch SPDT, DC to 5GHz, TTL, +-5V, ZYSWA-2-50DR, minicircuits',17,'ZYSWA-2-50DR','olipkind','2010-03-02 15:03:56','A','',1),(1604,121,345,'Header 3-pos, 0.100, single raw, vertical',28,'22-28-4030','mwinfield','2011-06-01 12:09:01','A','',1),(1605,134,6,'RF high isolation switch, ZASW-2-50DR+,  SPDT, 50ohm, TTL dr, refl, DC-5GHz, mini-circuits',17,'ZASW-2-50DR+','olipkind','2010-04-09 11:15:23','A','',1),(1606,121,346,'Connector D-sub25, male, DD-20, all plastic straight, 25-pin',25,'5208008-1','mwinfield','2011-06-01 12:10:02','A','',1),(1607,121,347,'Connector D-sub9, male, HD-20, all plastic straight, 9-pin',25,'5208006-2','mwinfield','2011-06-01 12:10:54','A','',1),(1608,108,34,'SN74HCT08DR, QUADRUPPLE 2-INPUT POS AND GATE, SOIC-14, TI',8,'SN74HCT08DR','olipkind','2010-05-03 16:37:50','A','',1),(1609,108,35,'SN74HTC02DR  quadrupple 2-input pos NOR gate, SOIC-14, TI',8,'SN74HTC02DR','olipkind','2010-05-04 14:04:15','A','',1),(1610,108,36,'SN74HCT14DR hex schmitt trigger inverter, SOIC-14, TI',8,'SN74HCT14DR','olipkind','2010-05-05 08:54:37','A','',1),(1611,113,26,'1N5711WS-7-F, SMT Schottky barries doide,  Diodes Inc',202,'','olipkind','2010-05-06 11:18:56','A','',1),(1612,105,25,'Inductor 1812LS-223X_B series (4532), 22uH+-10%, SRF=32MHz, DCR=3.2ohm',203,'1812LS-223X_B','olipkind','2010-06-18 09:36:00','A','',1),(1613,101,87,'Cap ceramic 0.015uF+-10% 100V X7R 1206, AVX 12061C153KAT2A, digi-key 478-1524-1-ND',107,'478-1524-1-ND','olipkind','2010-06-24 11:01:23','A','',1),(1614,101,88,'Cap ceramic 1800pF+-10% 50V X7R 1206',107,' 12065C182KAT2A','mwinfield','2011-04-14 06:35:58','A','',1),(1615,103,142,'Resistor SMT, TKF,82.5K +-1%, 1/4W, 1206, Panasonic ERJ-8ENF8252V',14,'ERJ-8ENF8252V','olipkind','2010-06-24 13:40:37','A','',1),(1616,103,143,' Resistor 3.83K+-1%, 1206, TKF, Panasonic ERJ-8ENF3831V',14,'ERJ-8ENF3831V','olipkind','2010-06-24 15:45:54','A','',1),(1617,101,89,'Cap ceramic 47pF+-5% 50V NPO, 1206',13,'C1206C470J5GACTU','mwinfield','2011-04-15 07:45:44','A','',1),(1618,103,144,'Resistor, SMT, 118ohm+-1%, TKF, 1206, 1/4 W, Panasonic ERJ-8ENF1180V',14,'ERJ-8ENF1180V','olipkind','2010-06-25 08:23:13','A','',1),(1619,101,90,'Capacitor, alum, 4.7uF+-20%, , 50V, Radial SMD',14,'EEE-1HA4R7WR','mwinfield','2011-04-15 06:48:47','A','',1),(1620,141,28,'CABLE, 2 COND., 26 AWG,  FOIL SHLD, PVC JKT, TYPE CM, O.D.= .180 IN.',51,'86102CY','mwinfield','2010-07-15 10:26:06','A','',1),(1621,141,29,'CABLE, COAXIAL, RG-179/U TYPE, 75 OHM, 30 AWG,  O.D.= .100 IN., BRN FEP JKT',64,'83264','mwinfield','2010-07-15 10:35:14','A','',1),(1622,121,348,'CNTCT, PIN, UNVRSL MICRO MATE-N-LOK, 26-30 AWG, AU PL',25,'1-794613-1','mwinfield','2010-07-15 10:36:48','A','',1),(1623,121,349,'CONN., CIRC., PUSH-PULL, SZ 10, 12 POS., FEM CRIMP CNTCTS',43,'HR10A-10P-12SC(73)','mwinfield','2010-07-15 10:38:52','A','',1),(1624,121,350,'CONN., BNC JACK, 75 OHM, DUAL CRIMP, for RG-179',19,'31-71014-RFX','mwinfield','2010-07-15 10:39:59','A','',1),(1625,121,351,'CONN., BNC BLKHD JACK, 75 OHM, DUAL CRIMP, for RG-179',124,'31-245-RFX','mwinfield','2010-07-15 13:14:51','A','',1),(1626,105,26,'Inductor adjustable 3.3mH+-10%, CLNS-T1024Z, TOKO',204,'TOKO','olipkind','2010-07-21 16:01:51','A','',1),(1627,105,27,'Inductor adjustable 3.9uH+-4%, TKS2249CT-ND, TOKO',204,'TKS2249CT-ND','olipkind','2010-07-21 16:09:54','A','',1),(1628,105,28,'Inductor adjustable, TH, 39uH+-10%, A119ANS-T1040Z, TOKO',1,'119ANS-T1040Z','olipkind','2010-07-21 16:15:50','A','',1),(1629,105,29,'Inductor adjustable 330uH+-10%, TK2423-ND, TOKO',204,'TK2423-ND','olipkind','2010-07-21 16:20:48','A','',1),(1630,101,91,'Capasitor cer., SMT, 0.068uF+-5%, NPO, 1210',214,'C3225C0G1H683J','mwinfield','2011-04-13 05:47:50','A','',1),(1631,101,92,'Capacitor Cer., SMT, 6800pF+-5%, 50V, NPO, 0805',39,'GRM2195C1H682JA01D','mwinfield','2011-04-15 09:01:10','A','',1),(1632,101,93,'Capacitor cer., SMT, 750pF+-5%, 50V, NPO, 0603',39,'GRM1885C1H751JA01D','mwinfield','2011-04-15 11:36:28','A','',1),(1633,101,94,'Capacitor cer., SMT, 47pF+-5%, 50V, NPO, 0805',107,'08055A470JAT2A','mwinfield','2011-04-15 07:43:39','A','',1),(1634,101,95,'Capacitor Cer., SMT, 0.56uF+-10%, 16V, X7R, 1206',39,'GRM319R71C564KA01DD','mwinfield','2011-04-13 07:27:07','A','',1),(1635,101,96,'Capacitor cer., SMT, 0.068uF+-5%, 50V, NPO, 1206',39,'	GRM31C5C1H683JA01L','mwinfield','2011-04-13 05:44:09','A','',1),(1636,107,100,'Logarithmic Amplifier AD606RJ, SOIC-16, Analog Device',5,'AD606RJ','olipkind','2010-07-22 14:51:05','A','',1),(1637,121,352,'CNTCT, SCKT ASSY., AMP TYPE XII HIGH CURRENT, 8 AWG, 30u AU PLTD Ni',25,'193990-2','mwinfield','2010-07-27 12:45:34','A','',1),(1638,141,30,'CABLE, 4 COND., 8 AWG,  TRAY RATED, PVC JKT, PVC/NYLON INSLTN, 10 AWG GND, .655 O.D.',159,'A30804','mwinfield','2010-07-27 13:56:25','A','',1),(1639,101,97,'Capacitor, Cer., 22uF+-10%, 16V, X5R, 1210',214,'C3225X5R1C226K','mwinfield','2011-04-14 11:38:50','A','',1),(1640,141,31,'CABLE, 4 COND., TRAY RATED, PVC JKT, PVC/NYLON INSLTN, 10 AWG, .498 O.D.',159,'A141004','mwinfield','2010-07-29 07:11:49','A','',1),(1641,121,353,'CNTCT, SCKT, AMP TYPE XII, CRIMP, 10 AWG, Au PL',25,'66741-6','mwinfield','2010-07-29 07:16:02','A','',1),(1642,128,53,'WIRE, HOOKUP, 10 AWG, STRND, 105/30, PVC INS, UL1007,  RED',3,'7582K278','mwinfield','2010-07-30 07:02:47','A','',1),(1643,128,54,'WIRE, HOOKUP, 10 AWG, STRND, 105/30, PVC INS, UL1007, WHITE',3,'7587K268','mwinfield','2010-07-30 07:03:36','A','',1),(1644,128,55,'WIRE, HOOKUP, 14 AWG, STRND, 41/30, PVC INS, UL1007, RED',3,'7587K972','mwinfield','2010-07-30 07:04:24','A','',1),(1645,128,56,'WIRE, HOOKUP, 14 AWG, STRND, 41/30, PVC INS, UL1007, BLACK',3,'7587K971','mwinfield','2010-07-30 07:05:49','A','',1),(1646,121,354,'CONN. HSG,PLUG,AMP CPC SERIES 3, 7 POS, SIZE 23, RVRS SEX, MALE',25,'206226-1','mwinfield','2010-07-29 09:50:45','A','',1),(1647,121,355,'CONN. HSG,PLUG,AMP CPC SERIES 6, 10 POS, SIZE 17, RVRS SEX, MALE',25,'213906-1','mwinfield','2010-07-29 09:52:29','A','',1),(1648,121,356,'CNTCT, PIN, AMP TYPE XII, CRIMP, 10 AWG, Au PL',25,'66259-2','mwinfield','2010-07-29 09:54:35','A','',1),(1649,121,357,'CNTCT, SCKT, CPC MULTIMATE POWERBAND, 8-10 AWG, 30u AU PL',25,'213843-4','mwinfield','2010-07-29 09:57:36','A','',1),(1650,141,32,'CABLE, SHLDED TRAY, 2 COND., 10 AWG, UL TYPE TC, 600V',159,'A21002','mwinfield','2010-07-29 09:58:49','A','',1),(1651,121,358,'CNTCT, PIN, CPC MULTIMATE POWERBAND, 8-10 AWG, 30u AU PL',25,'213841-4','mwinfield','2010-07-29 09:59:51','A','',1),(1652,121,359,'CONNECTOR HSG., PLUG., COMBO-D, 24W7, 7 SZ 8 AND 17 SZ 20 CNTCTS.',26,'DDM24W7PK87','mwinfield','2010-07-29 10:22:24','A','',1),(1653,121,360,'CONTACT, PIN, COMBO-D CONN., SIZE 8, 40A, SOLDER CUP, AU PL',26,'DM53745-1','mwinfield','2010-07-29 10:40:21','A','',1),(1654,121,361,'BACKSHELL, D-SUB, SZ 5, DIE-CAST ZINC, NICKLE PLATED',25,'5745175-1','mwinfield','2010-07-29 10:40:39','A','',1),(1655,221,4,'SLEEVING, CABLE, BRAIDED, BLACK PET, 1/4\" TO 3/4\" RANGE',205,'CCP0.50','mwinfield','2010-07-29 13:31:36','A','',1),(1656,128,57,'WIRE, HOOKUP, 22AWG,STRND ,7/30, PVC INS.,UL 1007/1569, WHITE',3,'7587K931','mwinfield','2010-07-30 06:39:37','A','',1),(1657,128,58,'WIRE, HOOKUP, 22AWG,STRND ,7/30, PVC INS.,UL 1007/1569, BLACK',3,'7587K934','mwinfield','2010-07-30 06:40:29','A','',1),(1658,119,29,'FILTER, LOW PASS, DC-7 MHz, Fco(-3dB)= 8 MHz, BNC(m)-BNC(f)',49,'BLP-7-75+','mwinfield','2010-08-03 08:25:18','A','',1),(1659,121,362,'Connector BNC RA 50ohm',25,'5413631-2','mwinfield','2011-06-01 12:11:53','A','',1),(1660,107,101,'AD817AR, opamp high-speed, SOIC-8, Analog Devices',5,'AD817AR','olipkind','2010-08-19 08:39:17','A','',1),(1661,148,5,'MOTOR, STEPPER, BIPOLAR, Imax=1.5A/PHS, V=2.14, 5:1 PLNTRY GEAR RATIO',206,'PK244PDA-P5','mwinfield','2010-08-23 13:11:39','A','',1),(1662,116,4,'PHOTOINTERRUPTER, TRANSMISSIVE, Vcc= +5V, ACTIVE HIGH (O.C.) OUTPUT, SCREW MNTG.',207,'GP1A05AJ000F','mwinfield','2010-08-24 06:02:08','A','',1),(1663,121,363,'CONNECTOR HSG., 3 POS., AMP EI SERIES, 2.5MM PITCH',25,'171822-3','mwinfield','2010-08-24 10:44:06','A','',1),(1664,121,364,'CNTCT, SCKT, AMP 2.5mm EI SERIES, CRIMP, 26-22AWG, Sn PL Brass',25,'170204-1','mwinfield','2010-08-24 10:50:43','A','',1),(1665,148,6,'MOTOR, STPPR, BIPOLAR, Imax=1.4A/PHS, V=3.9 (BIPOLAR-SERIES), 10:1 SH GEAR, LEADS',206,'PK264A2A-SG10','mwinfield','2010-08-24 13:01:59','A','',1),(1666,148,7,'MOTOR, STPPR, HIGH TORQUE, Imax=0.85A/PHS, V=10 (BIPOLAR-SERIES), 6-LEAD CONN.',206,'PK246PA','mwinfield','2010-08-26 09:16:31','A','',1),(1667,135,2,'TRANSFORMER, LINEAR VARIABLE DIFFERENTIAL, RNG= +/- 5mm, 4.2mV/V/mm SENS., SMALL CORE OPT.',208,'PRH-812-100-020','mwinfield','2010-09-16 12:18:37','A','',1),(1668,148,8,'ACTUATOR, DC SERVO , 12VDC, 20mm TRAVEL RANGE, VACUUM RATED',209,'M-235K066','mwinfield','2010-08-31 08:30:27','A','',1),(1669,121,365,'CONN., CIRC, VACUUM SIDE FLANGE INTRFC, 32 POS., SCKTS',210,'FTACIR32V','mwinfield','2010-09-01 09:40:23','A','',1),(1670,121,366,'CONN., CIRC, AIR SIDE VAC FLANGE INTRFC, 32 POS., SCKTS, CBL CLAMP/ CONTACTS INCL.',210,'FTACIR32AC','mwinfield','2010-09-10 10:12:28','A','',1),(1671,121,367,'CONN, D-SUB, 15 POS, CRIMP, SCKTS INCLUDED, SPACE QUALIFIED',127,'DAMA15SNM','mwinfield','2010-10-05 06:47:55','A','',1),(1672,119,30,'filter bandpass KR2436-100, f0=100kHz, BW=20kHz, KR Engineering',211,'KR2436-100','olipkind','2010-09-01 16:08:53','A','',1),(1673,103,145,'Potentiometer SMT, cement, 1K, 100ppm/C, top adj, single turn, ST32ETB102TR-ND',20,'ST32ETB102TR-ND','olipkind','2010-09-02 09:05:42','A','',1),(1674,107,102,'AD8024AR quad 350MHz , 24V opamp, SOIC-16, AD',5,'AD8024AR','olipkind','2010-09-02 15:44:43','A','',1),(1675,143,9,'LIMIT SWITCH, PRECISION, 8x28mm, 100cN ACTIVATING FORCE',212,'MY COM F100/80','mwinfield','2010-09-08 12:54:08','A','',1),(1676,101,98,'Cap cer., SMT, 8.2pF+-.25pF, 100v, NPO, 0603',107,'06031A8R2CAT2A','mwinfield','2011-04-15 12:06:15','A','',1),(1677,107,103,'AD8674AR, quad low noise opamp, SOIC-14, Analog Devices',5,'AD8674AR','olipkind','2010-10-04 14:20:04','A','',1),(1678,104,32,'Potentiometer CT6W101-Nd, 100ohm+-10%, sinle turn, top adjust, digikey',20,'CT6W101-ND','olipkind','2010-10-05 10:14:28','A','',1),(1679,104,33,'Potentiometer CT6W201-Nd, 200ohm+-10%, sinle turn, top adjust, digikey',20,'CT6W201-ND','olipkind','2010-10-05 10:17:30','A','',1),(1680,104,34,'Potentiometer CT6W102-ND, 1k+-10%, sinle turn, top adjust, digikey',20,'CT6W102-ND','olipkind','2010-10-05 10:30:05','A','',1),(1681,103,146,'Resistor 9.53K, 1%, SMT, TKF, 1206, ERJ-8ENF9531V',15,'ERJ-8ENF9531V','olipkind','2010-10-05 10:36:28','A','',1),(1682,121,368,'CONN HSG, PLUG, 4 POS, .062 DIA. CNTCTS, W/DETENT, NYLON',28,'03062042','mwinfield','2010-10-06 10:26:42','A','',1),(1683,121,369,'CONN HSG, RCPTCL, 4 POS, .062 DIA. CNTCTS., W/DETENT, NYLON',28,'03061042','mwinfield','2010-10-06 10:27:30','A','',1),(1684,121,370,'TERMINAL,CRIMP,MOLEX .062\", MALE, Sn PL. BRASS, 24-30 AWG',28,'02062132','mwinfield','2010-10-06 10:28:54','A','',1),(1685,121,371,'TERMINAL,CRIMP,MOLEX .062\", FEMALE, Sn PL. BRASS, 24-30 AWG',28,'02061132','mwinfield','2010-10-06 10:29:43','A','',1),(1686,141,33,'CABLE, MULTICOND., FOIL/ BRAID SHLDS, 4 TWSTD PRS, 24 AWG, PVC JKT, UL TYPE CM, UL AWM STYLE 2464',51,'6364','mwinfield','2010-10-07 10:03:53','A','',1),(1687,121,372,'CONNECTOR LATCH/ EJECTOR, SHORT, 3M 4600 SERIES IDC',27,'3505-16','mwinfield','2010-10-11 09:51:58','A','',1),(1688,103,147,' Resistor 2.49K, 1%, SMT, TKF, 1206, ERJ-8ENF2491V',20,'ERJ-8ENF2491V','olipkind','2010-10-11 14:35:35','A','',1),(1689,127,25,'RF amplifier ZX60-ED13494/4, gain 24dB, minicircuits',17,'ZX60-ED13494/4','olipkind','2010-10-20 08:40:43','A','',1),(1690,155,1,'LIMIT SWITCH, HALL EFFECT, 12-24VDC, NORMALLY CLOSED',213,'MC-SR03-00','mwinfield','2010-10-25 08:52:20','A','',1),(1691,103,148,'Resistor 1.91K, 1%, SMT, TKF, 1206, ERJ-8ENF1911V',1,'ERJ-8ENF1911V','olipkind','2010-10-29 13:03:49','A','',1),(1692,103,149,'Resistor 2.43K, 1%, SMT, TKF, 1206, ERJ-8ENF2431V',1,'ERJ-8ENF2431V','olipkind','2010-10-29 14:13:52','A','',1),(1693,101,99,'Cap, Cer., 560pF+-5%, 100V, NPO, 1206',107,'12061A561JAT2A','mwinfield','2011-04-15 08:40:36','A','',1),(1694,103,150,'Resistor 56.2 ohm , 1/10W, 1%, 0805, ERJ-6ENF56R2, Panasonic',15,'ERJ-6ENF56R2','olipkind','2011-01-03 13:32:12','A','',1),(1695,101,100,'Capacitor, ceramic multilayer, 1.0uF, 10V, X7R, 0805',214,'C2012X5R1A105K/0.85','mwinfield','2011-04-07 07:35:03','A','',1),(1696,107,104,'PA107DP power operational amplifier, 170Vp/p. 2MHz, cirrus Logic',215,'PA107DP','olipkind','2011-01-10 15:21:37','A','',1),(1697,103,151,'Res, 16.5K+-1%, 1206, SMT, TKF, 200V, ERJ-8ENF1652V, Panasonic',15,'ERJ-8ENF1652V','olipkind','2011-01-10 15:39:11','A','',1),(1698,102,21,'Cap, 680uFx160V+-20%, alum, electr, digikey p/n P11711-ND',20,'P11711-ND','olipkind','2011-01-11 09:48:11','A','',1),(1699,101,101,'Cap, cer, 1.0uF x 200V, +-10%, 1825, X7R',13,'C1825X105K2RACTU','mwinfield','2011-04-14 07:08:38','A','',1),(1700,107,105,'Voltage regulator LT1964ES5-BYP, -5V output, 200mA, 20V input, SOT-23, Linear Technology',40,'LT1964ES5-BYP','olipkind','2011-01-18 11:54:17','A','',1),(1701,107,106,'Voltage regulator LT1521CST, +5V output, 300mA, 20V input, SOT-223, Linear Technology',40,'LT1521CST','olipkind','2011-01-18 12:11:59','A','',1),(1702,121,373,'CONN, RCPTCL HSG., FREE-HANGING, UNVRSL MICRO MATE_N_LOK, 3 POS, 3MM PITCH',25,'1445022-3','mwinfield','2011-02-04 12:36:02','A','',1),(1703,121,374,'SpringLoaded Pins,  4POS, Dual Row, Mill-Max, 823-22-004-10-004-101',216,'823-22-004-10-004-101','bwoo','2011-02-10 13:23:58','A','DIGI KEY PART#ED8179-04-ND',1),(1704,121,375,'SpringLoaded Pins,  10POS, Dual Row, Mill-Max, 823-22-010-10-004-101',216,'823-22-010-10-004-101','bwoo','2011-02-10 13:38:38','A','DIGI KEY PART# ED8179-10-ND',1),(1705,121,376,'SpringLoaded Target,  4POS, Dual Row, Mill-Max, 419-10-204-00-001-000',216,'419-10-204-00-001-000','bwoo','2011-02-10 14:29:19','A','custom cut by Digi Key\r\nDrawing #DCC-668-ND',1),(1706,121,377,'SpringLoaded Target,  10POS, Dual Row, Mill-Max, 419-10-210-00-001-000',216,'419-10-210-00-001-000','bwoo','2011-02-10 14:34:53','A','custom cut by Digi Key\r\nDrawing #DDC-669-ND',1),(1707,121,378,'CONN, SMA, JACK END LAUNCH PCB 0.187\"',217,'142-0701-801','bwoo','2011-02-11 08:12:01','A','Digi Key # J502-ND',1),(1708,103,152,'Resistor, 1K, SMT, CRW4020, 5%, 100PPM',88,'CRW4020-1KJ1','bwoo','2011-02-11 12:35:33','A','',1),(1709,103,153,'Resistor 143K, 1/8W, 0805, Panasonic ERJ-6ENF1433V',14,'ERJ-6ENF1433V','bwoo','2011-02-14 09:30:51','A','',1),(1710,103,154,'Resistor, 4.53K, 1/8W, 0805, Panasonic ERJ-6ENF4531V',14,'ERJ-6ENF4531V','bwoo','2011-02-15 12:43:35','A','',1),(1711,103,155,'Resistor, 113K, 1/8W, 0805, Panasonic ERJ-6ENF1133V',14,'ERJ-6ENF1133V','bwoo','2011-02-15 12:52:19','A','',1),(1712,103,156,'Resistor, 24.3K, 1/8W, 0805, Panasonic, ERJ-6ENF2432V',14,'ERJ-6ENF2432V','bwoo','2011-02-15 13:12:37','A','',1),(1713,103,157,'Resistor 845, 1/8W, 0805, Panasonic ERJ-6ENF8450V',14,'ERJ-6ENF8450V','bwoo','2011-02-15 13:22:04','A','',1),(1714,103,158,'Resistor, 4.59K, 1/8W, 0805, Panasonic ERJ-6ENF4592V',14,'ERJ-6ENF45392V','bwoo','2011-02-15 13:29:31','A','',1),(1715,103,159,'Resistor, 56K, 1/8W, 0805, Panasonic ERJ-6ENF5602V',14,'ERJ-6ENF5602V','bwoo','2011-02-15 14:08:29','A','',1),(1716,107,107,'Voltage Monitor, QUAD input, SSOP16 , LTC2914CGN',135,'LTC2914CGN','bwoo','2011-02-15 14:36:36','A','',1),(1717,107,108,'ISL55111iVZ, DRIVER, MOSFET, TSSOP-8',218,'ISL55111IVZ','bwoo','2011-02-15 15:36:23','A','',1),(1718,103,160,'Resistor, 7.5 ohm, +/-5%, SMT, TKF, 2512, Riedon, CRW2512-7R5J1',88,'CRW2512-7R5J1','bwoo','2011-02-16 09:16:37','A','',1),(1719,103,161,'Resistor, 5 ohm, +/-5%, SMT, TKF, 2512, Riedon, CRW2512-5RJ1',88,'CRW2512-5RJ1','bwoo','2011-02-16 09:40:06','A','',1),(1720,103,162,'Res. SMT 95.3K+-1%, 0.W, 2010, p/n ERJ-14NF9532U, Panasonic ECG',14,'ERJ-14NF9532U','olipkind','2011-02-17 08:59:08','A','',1),(1721,101,102,'Cap., ceramic SMT, 3.3pFx200V, 1210, NPO, AVX, digikey p/n 12102U3RCAT2A-ND',20,'12102U3RCAT2A-ND','olipkind','2011-02-17 12:31:28','A','',1),(1722,103,163,'Resistor, 3.4K, 1/4W, 1206, Panasonic, ERJ-8ENF3401V',14,'ERJ-8ENF3401V','bwoo','2011-02-17 13:34:01','A','',1),(1723,103,164,'Resistor, 4.53K, 1/4W, 1206, Panasonic, ERJ-8ENF4531V',14,'ERJ-8ENF4531V','bwoo','2011-02-17 13:44:38','A','',1),(1724,103,165,'Resistor, 1.8K, 1/4W, 1206, Panasonic, ERJ-8ENF1801V',14,'ERJ-8ENF1801V','bwoo','2011-02-17 13:57:03','A','',1),(1725,130,61,'Power supply, switching regulated,  W100NT250, 100V, 2.5A, Acopian',56,'W100NT250','olipkind','2011-02-18 10:03:27','A','',1),(1726,130,62,'Power supply, 5EB250, 5V, 2.5A, Acopian',56,'5EB250','olipkind','2011-02-18 14:10:59','A','',1),(1727,103,166,'Res., SMT, 51.1ohm+-15, 1/4W, 1206, Panasonic ERJ-8ENF51R1V',14,'ERJ-8ENF51R1V','olipkind','2011-02-22 15:27:02','A','',1),(1728,101,103,'Cap., cer., 4.7uFx16V, Y5V, -20%,+80%, 0805',214,'C2012Y5V1C475Z','mwinfield','2011-04-14 13:12:24','A','',1),(1729,142,6,'pa00760001.000, optical cavity network analyzer, Lyncean Technologies',178,'pa00760001.000','olipkind','2011-02-25 13:51:05','A','',1),(1730,130,63,'Power supply 30EB08, 30V, 80mA, Linear, Acopian',56,'30EB08','olipkind','2011-02-28 08:31:22','A','',1),(1731,121,379,'CONN.,SMA,  RCPTCL, STRAIGHT, BLKHD, CRIMP, RG-316, AU PL',19,'901-9875','mwinfield','2011-04-11 08:27:48','A','',1),(1732,141,34,'CABLE, COAXIAL, RG-316/U TYPE, 50 OHM, 26 AWG, O.D.= .098 IN., BRN FEP JKT',64,'83284','mwinfield','2011-03-01 12:33:45','A','',1),(1733,101,104,'Cap, cer, 10uF+-20%, 25V, X7R, Non-Standart size 0.150\"x0.140\", digikey p/n 445-5182-6-ND',1,'445-5182-6-ND','olipkind','2011-03-09 11:19:52','A','',1),(1734,107,109,'ADR3440 voltage reference 4.096V+-0.1%, SOT-23, Analog Devices',5,'ADR3440','olipkind','2011-03-16 06:18:45','A','',1),(1735,107,110,'Voltage regulator LT1964ES5-5, -5V output, 200mA, 20V input, SOT-23, Linear Technology',219,'LT1964ES5-5','olipkind','2011-03-17 07:48:41','A','',1),(1736,121,380,'ADAPTER, N(m) to N(f), RADIUS RT. ANGLE, PRECISION, PASSIVATED SS',74,'PE9515','mwinfield','2011-03-17 10:46:09','A','',1),(1737,121,381,'CONN.,N(m), R/A, CRIMP/ SOLDER, LMR-240, ALBALLOY PLATED BRASS',200,'TC240NMHRA-A','mwinfield','2011-03-22 04:02:16','A','',1),(1738,121,382,'CONN.,SMA(m), STR., CRIMP/ SOLDER, LMR-240',220,'RSA-3000-X','mwinfield','2011-03-17 12:09:53','A','',1),(1739,121,383,'CONN., SMA(m), RT. ANGLE, RG-316, CRIMP/ SOLDER, Au PL BRASS',221,'132123','mwinfield','2011-03-21 07:32:13','A','',1),(1740,121,384,'CONN., SMA(m), STR., RG-316, CRIMP/ SOLDER, Au PL BRASS',221,'132114','mwinfield','2011-03-21 06:17:18','A','',1),(1741,222,1,'LABEL, WIRE/CABLE MARKING, SELF LAMINATING VINYL, 0.5\" W x 1.5\" H, 500/roll',222,'PTL-29-427','mwinfield','2011-03-22 06:14:01','A','',1),(1742,121,385,'CONN., SMA(m), STR., RG-58, CRIMP/ SOLDER, Au PL BRASS',221,'132113','mwinfield','2011-03-21 08:21:20','A','',1),(1743,141,35,'CABLE, COAX., RG-58C',51,'9058C','mwinfield','2011-03-21 08:27:52','A','',1),(1744,121,386,'CONN., BNC(m), STR., RG-58, CRIMP/ SOLDER, Ni PL BRASS',221,'112116','mwinfield','2011-03-21 10:37:45','A','',1),(1745,106,2,'Inductor tunable 12uH nom, 9/15uH range, Q=35, DCR=1.49ohm, Coilcraft p/n 7M3-123',191,'7M3-123','olipkind','2011-03-21 13:07:21','A','',1),(1746,106,3,'Inductor tunable 82uH nom, 62/103uH range, Q=40, DCR=14.72ohm, Coilcraft p/n 7M3-823',191,'7M3-823','olipkind','2011-03-21 13:14:23','A','',1),(1747,222,2,'LABEL, WIRE/CABLE MARKING, SELF LAMINATING VINYL, 1.0\" W x 2.5\" H, 100/roll',222,'PTL-21-427','mwinfield','2011-03-22 06:13:27','A','',1),(1748,121,387,'CONN. ADAPTER, PRECISION, N(m)- N(f), RADIUS RT. ANGLE, PSVTD SS',74,'PE9515','mwinfield','2011-03-23 07:00:42','A','',1),(1749,103,167,'Resistor 27.4 Ohm+-1%, SMT, TKF, 1/4W, 1206, Panasonic ERJ-8ENF27R4V',14,'ERJ-8ENF27R4V','olipkind','2011-03-28 10:55:51','A','',1),(1750,107,111,'AD8099ARd high-speed, low noise opamp, 8-SOIC-ED, Analog Devices',5,'AD8099ARD','olipkind','2011-03-28 12:38:16','A','',1),(1751,103,168,'Resistor 53.6 Ohm+-1%, SMT, TKF, 1/4W, 1206, Panasonic ERJ-8ENF53R6V',14,'ERJ-8ENF53R6V','olipkind','2011-03-28 13:22:59','A','',1),(1752,107,112,'OPAMP, 400 MHz LOW POWER CURRENT FEEDBACK, SOIC-8, RoHS',5,'AD8014ARZ','mwinfield','2011-04-07 05:38:25','A','',1),(1753,116,5,'SILICON DETECTOR, XRAY/ UV, 10mm x 10mm, 20nF, T(r)= 10uSEC',224,'AXUV-100','mwinfield','2011-04-08 08:19:23','A','',1),(1754,121,388,'HEADER, RT ANG, 3mm PITCH, Sn CNTCTS, SMT HOLDDOWNS, AMP MICRO MATE-N-LOK',25,'2-1445057-3','mwinfield','2011-04-08 08:29:38','A','',1),(1755,101,105,'CAPACITOR, TANT., 220uF, 10V, SMT, 20%, CASE CODE D',11,'594D227X0010D2T','mwinfield','2011-04-08 08:47:47','A','',1),(1756,103,169,'TRIMMER RESISTOR, 1K OHM, CERMET, SMT, 12 TURN, SIDE ADJUST',225,'3224G-1-102E','mwinfield','2011-04-08 08:56:22','A','',1),(1757,121,389,'CONN.,SMA, RCPTCL, STRAIGHT, CRIMP, RG-316, AU PL BRS',221,'132117','mwinfield','2011-04-11 08:30:07','A','',1),(1759,101,107,'CAP, CERAMIC, SMT, 4700pF, 50v, 1%, NPO, 1206',107,'12065A472FAT2A','mwinfield','2011-04-15 07:04:39','A','',1),(1760,101,108,'Capacitor SMT, 47pF, 5%, MICA, 1812',114,'MC12FA470J-F','mwinfield','2011-04-15 07:52:51','A','',1),(1762,101,110,'CAP., CERAMIC, SMT, 8200pF, 50V, 5%, NPO, 0805',39,'GRM2195C1H822JA01D','mwinfield','2011-04-15 12:15:32','A','',1),(1763,103,170,'Resistor 39.2 ohm , 1/4W, 1%, 1206, ERJ-8ENF39R2V, Panasonic',15,'ERJ-8ENF39R2V','olipkind','2011-04-19 09:38:56','A','',1),(1764,103,171,'POT., 10K, 1/4W, SMT, 1 TURN, GULL WING LEADS, TOP ADJ, 4mm SQ.,BOURNS 3314G SERIES',225,'3314G-1-103E','mwinfield','2012-01-26 10:19:30','A','',1),(1765,113,27,'Diode, BAS45AL, low-leakage diode,  NXP semi',228,'BAS45AL','olipkind','2011-05-18 13:18:08','A','',1),(1766,121,390,'CONN. IC SOCKET, DIP, 8 POS, 15u AU PL, THRU-HOLE MT., RoHS',25,'1825093-2','mwinfield','2011-05-19 07:28:56','A','',1),(1768,101,111,'0.1uF, 50V, +/- 10%, X7R, 1206',39,'GRM319R71H104KA01D','mwinfield','2013-01-16 13:57:51','A','',1),(1769,108,37,'Driver, ULN2003AN, 7CH Darlington sink driver, PDIP-16',8,'ULN2003AN','mwinfield','2011-06-28 07:08:13','A','',1),(1770,130,64,'PWR SUPPLY, 24V@ 2.2A, 100-240VAC IN, 50/60Hz',230,'ESS50-24','mwinfield','2011-06-28 07:13:43','A','',1),(1771,107,114,'AD8008AR, high-speed opamp, dual, SOIC-8, Analog Devices',1,'AD8008AR','olipkind','2011-06-29 12:05:16','A','',1),(1772,107,115,'AD8007AR, high-speed opamp, single, SOIC-8, Analog Devices',5,'AD8007AR','olipkind','2011-06-29 13:45:26','A','',1),(1773,143,10,'SWITCH, LIMIT, SPDT, 11A @ 277VAC, .88N MAX OPERATING FORCE',148,'V7-1B17D8-263','mwinfield','2011-07-13 04:21:37','A','',1),(1774,103,172,'Resistor, SMT, 806ohm+-1%, 1206, ERJ-8ENF8060V, Panasonic',15,'ERJ-8ENF8060V','olipkind','2011-07-20 13:46:41','A','',1),(1775,103,173,'Resistor, SMT, 309K+-1%, 1206, ERJ-8ENF3093V, Panasonic',15,'ERJ-8ENF3093V','olipkind','2011-07-20 14:24:45','A','',1),(1776,103,174,'Resistor, SMT, 402ohm+-1%, 1206, ERJ-8ENF4020V, Panasonic',15,'ERJ-8ENF4020V','olipkind','2011-07-21 08:12:35','A','',1),(1777,152,2,'PWR DETECTOR, .01-8 GHZ, -60dBm to +5dBm, O.P. = 0.5 to 2.1 VDC, SLOPE = -25mV/dB, +5VDC BIAS',49,'ZX47-60-S+','mwinfield','2011-07-28 11:02:05','A','',1),(1778,130,65,'PWR SUPPLY, SINGLE, 5VDC, 1.5A, LINEAR, ENCAPSULATED',56,'5EB150','mwinfield','2012-12-20 08:36:13','A','',1),(1780,103,175,'Resistor, 422 OHM, 1%, 1/4W, 1206, Panasonic, ERJ-8ENF4220V',15,'ERJ-8ENF4220V','olipkind','2011-08-03 05:58:37','A','',1),(1781,101,112,'Cap., SMT, Cer., 10uFx25V, +20%-80%, Y5V, 1206, TDK, C3216Y5V1E106Z',214,'C3216Y5V1E106Z','olipkind','2011-08-03 06:25:13','A','',1),(1782,121,391,'HEADER, VERT, 3 POS., .156\" PITCH, FRICTION LOCK, Sn PL, 7A, 250V',28,'26604030','mwinfield','2011-08-03 08:35:18','A','',1),(1783,121,392,'HEADER, VERT, 4 POS., .156\" PITCH, FRICTION LOCK, Sn PL, 7A, 250V',28,'26604040','mwinfield','2011-08-03 08:39:07','A','',1),(1784,108,38,'Driver, ULN2003AD, 7CH Darlington Sink Driver, SOIC-16',8,'ULN2003AD','mwinfield','2011-08-05 04:26:51','A','',1),(1785,108,39,'IC, HEX INVERTER, CMOS, SOIC-14, TTL-COMPATIBLE I/P',8,'CD74HCT04M','mwinfield','2011-08-05 07:07:20','A','',1),(1786,141,36,'CABLE, MULTICOND., 2PAIRS 24AWG, OVERALL SHLD, GRAY PVC JACKET',51,'5472C','mwinfield','2011-08-26 08:29:02','A','',1),(1787,141,37,'CABLE, MULTICOND.,1 PAIR, 24AWG, OVERALL SHLD, GRAY PVC JACKET',51,'5471C','mwinfield','2011-08-26 08:29:59','A','',1),(1788,121,393,'CNTCT, SOCKET, 24 - 20 AWG, AMP UNIVERSAL MICRO MATE-N-LOK 3mm, AU PL',25,'1-794610-1','mwinfield','2011-08-29 05:59:47','A','',1),(1789,141,38,'CABLE, PORTABLE CORDAGE, 3 COND., 18AWG, EDPM INSUL., RUBBER OUTER JKT., UL/CSA Types: S, SO, SJ',64,'19129','mwinfield','2011-08-29 05:41:02','A','',1),(1790,121,394,'CONNECTOR, AC POWER, PLUG, 15A, 125V, NEMA 5-15P',231,'5266','mwinfield','2011-08-29 05:54:42','A','',1),(1792,107,116,'Opamp AD8617ARZ, low input current, rail-to-rail, SOIC-8, Analog Devices',5,'AD8617ARZ','olipkind','2011-10-17 12:03:38','A','',1),(1793,112,5,'HFA3135 transistor array, 2 pnp transistors, 6 lead SOT23 package, Intersil',84,'HFA3135','olipkind','2011-10-24 14:12:14','A','',1),(1794,107,117,'AD8510AR, single opamp, precision, low inp curr, high out curr, SOIC-8, Analog devices',5,'AD8510AR','olipkind','2011-10-25 16:23:43','A','',1),(1795,107,118,'Analog Swithch ADG1612BRUZ, quad, SPST, NC, 1 ohm res., +-5V, +12V, TSSOP-16, Analog Devices',5,'ADG1612BRUZ','olipkind','2012-08-02 14:24:36','A','',1),(1796,101,113,'Cap., ceramic, 1uF+-20%, 25V, X5R, 0805, AVX p/n 08053D105KAT2A',107,'08053D105KAT2A','olipkind','2011-11-15 17:03:34','A','',1),(1797,121,395,'CONN., BNC(m), STR., RG-316, CRIMP/ SOLDER, Ni PL BRASS ',221,'112132','mwinfield','2012-01-09 14:51:44','A','',1),(1798,103,176,'POT., 100K, 1/4W, SMT, 1 TURN, GULL WING LEADS, TOP ADJ, 4mm SQ, BOURNS 3314G SERIES',225,'3314G-1-104E','mwinfield','2012-01-26 10:20:24','A','',1),(1799,142,7,'DDS2m, 100MHz quadrature signal generator module, Novatech Instruments',232,'DDS2m','mwinfield','2012-02-08 09:47:43','A','',1),(1800,142,8,'SINGLE BOARD COMPUTER, ARM9 CPU, LINUX 2.6, TECHNOLOGIC TS-7370',233,'TS-7370','mwinfield','2012-02-03 07:10:14','A','',1),(1801,142,9,'MINI-PERIPHERAL, SINGLE BOARD COMPUTER, RS-232 COM PORT, TECHNOLOGIC TS9445',233,'TS-9445','mwinfield','2012-02-03 14:41:44','A','',1),(1802,121,396,'CONN, D-SUB 9 POS., MALE, IDC, 28-26 AWG, 4-40 UNC INSERTS, FRONT METAL SHELL',27,'8209-6003','mwinfield','2012-02-13 13:20:47','A','',1),(1803,121,397,'STRAIN RELIEF, BLCK THERMOPLASTIC, FOR AMP HDF-20 SERIES, 9 POS.',25,'747275-4','mwinfield','2012-02-06 13:37:04','A','',1),(1804,121,398,'CONN, RIBBON CABLE SOCKET, 10 POS, .1\" PITCH, FOR .050\" PITCH CABLE',27,'89110-0103','mwinfield','2012-02-06 14:51:19','A','',1),(1805,121,399,'CONN., SMB, PLUG, RG174, 188, 316, CRIMP, NICKEL PL',123,'903-370P-51S','mwinfield','2012-02-07 10:20:15','A','',1),(1806,130,66,'POWER SUPPLY, LINEAR REGULATED, 5VDC, 3.5A, 105-125VAC, 50-400Hz',56,'A5NT350','mwinfield','2012-12-20 08:37:31','A','',1),(1807,121,400,'CONN. HSG., 7 POS., SINGLE ROW, .100\" PITCH, AMPMODU SERIES, FOR LOCKING-CLIP CNTCTS.   ',25,'1-87175-5','mwinfield','2012-02-10 07:51:08','A','',1),(1808,121,401,'CONTACT, LOCKING CLIP, AMPMODU SERIES, FOR .025',25,'87165-1','mwinfield','2012-02-10 13:22:59','A','',1),(1809,121,402,'CONN. HSG., 5 POS., SINGLE ROW, .100\" PITCH, AMPMODU SERIES, FOR LOCKING-CLIP CNTCTS.',25,'1-87175-5','mwinfield','2012-02-10 13:07:47','D','',1),(1810,128,59,'WIRE, HOOKUP, 24AWG,STRND ,7/32, PVC INS.,UL 1007/1569, BROWN  ',3,'7587K055','mwinfield','2012-02-10 13:38:03','A','',1),(1811,128,60,'WIRE, HOOKUP, 24AWG,STRND ,7/32, PVC INS.,UL 1007/1569, GREEN   ',3,'7587K19','mwinfield','2012-02-10 13:39:03','A','',1),(1812,121,403,'JACKSCREW SOCKET KIT, 4-40UNC THRDS, .31\" L, FOR D-SUB MOUNTING',27,'3341-1L','mwinfield','2012-02-13 13:31:31','A','',1),(1813,121,404,'CONN. HSG., 12 POS., SINGLE ROW, .100\" PITCH, AMPMODU SERIES, FOR LOCKING-CLIP CNTCTS.',25,'2-87175-5','mwinfield','2012-02-14 11:16:11','A','',1),(1814,128,61,'WIRE, HOOKUP, 24AWG,STRND ,7/32, PVC INS.,UL 1007/1569, BLUE ',3,'7587K28','mwinfield','2012-02-14 14:17:15','A','',1),(1815,106,4,'RF choke , 10mH+-10%, 1.3A, 2.76ohm DC max, p/n 1140-103K-Rc, JW Miller A Bourns, digi-key p/n M8386-ND',20,'M8386-ND','olipkind','2012-02-14 16:05:17','A','',1),(1816,102,22,'Cap, Elect, 6.8uF+-20%, 350v, United Chemi-con p/n EKXG351ELL6R8MJ16S',20,'565-1449-ND','olipkind','2012-02-14 16:52:43','A','',1),(1817,121,405,'CONN, SMA PLUG, .062 PCB, END LAUNCH, Au PL BRS   ',74,'PE4913','mwinfield','2012-02-15 09:55:02','A','',1),(1818,102,23,'Cap, Elect, 4.7uF+-20%, 200v, United Chemi-con p/n ESMG201ELL4RMHB5D, digi-key p/n 565-1180-ND  ',20,'565-1180-ND','olipkind','2012-02-15 10:38:29','A','',1),(1819,102,24,'Cap, cer, 0.047uF+-10%, 200V, X7R, radial, Kemet p/n C330C473K2R5TA, digikey p/n 399-4413-ND ',20,'399-4413-ND','olipkind','2012-02-15 11:13:08','A','',1),(1820,102,25,'Cap, alum, 10uF+-20%, 200v, Radial, KXG, Chemi-Con p/n EKXG201ELL100MJ16S, digi-key p/n 656-1432-ND',20,'656-1432-ND','olipkind','2012-02-15 11:32:59','A','',1),(1821,101,114,'Cap trimmer, 3~10pF, 200V, SMD, Tusonix p/n 0512-000-A-3.0-10LF ',20,'410-1029-1-ND','olipkind','2012-02-15 16:30:42','A','',1),(1822,101,115,'cap, cer, SMT, 0.047uF+-10%, 200V, X7R, 1206, AVX p/n 12062C473KAT2A',20,'478-1515-1-ND','olipkind','2012-02-16 10:46:35','A','',1),(1823,101,116,'cap, cer, SMT, 6800pF+-10%, 200V, X7R, 1206, AVX p/n 12062C682KAT2A   ',20,'478-1510-1-ND','olipkind','2012-02-16 10:58:11','A','',1),(1824,101,117,'cap, cer, SMT, 0.033uF+-10%, 200V, X7R, 1206, AVX p/n 12062C333KAT2A',20,'478-1514-1-ND','olipkind','2012-02-16 11:04:01','A','',1),(1825,121,406,'CONN., BNC(f), PNL. MNT., SQ. FLANGE, SOLDER TERM., Au PL PHSPHR BRNZ',19,'31-203-RFX','mwinfield','2012-02-17 07:44:42','A','',1),(1826,106,5,'RF choke , 8.2mH+-10%, 1.6A, 1.95ohm , p/n 1140-822k-RC, JW Miller A Bourns, digi-key p/n 1140-822K-RC-ND',20,'1140-822K-RC-ND','olipkind','2012-02-22 09:32:23','A','',1),(1827,101,118,'cap, cer, SMT, 1.0uF+-10%, 250V, X7R, 1825, AVX p/n 1825PC105KAT1A',20,'478-3989-1-ND','olipkind','2012-02-22 13:39:08','A','',1),(1828,105,30,'Inductor, SMT, 10uH+-15%, 23.4ohm, 60mA,  API Delevan p/n 8532-49LTR',20,'DN3249TR-ND','olipkind','2012-02-29 15:48:13','A','',1),(1829,107,119,'AD8271ARMZ, difference amplifier, rail-to-rail, MSOP-10, Analog Devices',5,'digikey','olipkind','2012-03-16 16:40:57','A','AD8271ARMZ-ND',1),(1830,104,35,'Potentiometer CT6EW102, 1k+-10%, single turn, top adjust, Copal Electronics',20,'CT6EW102-ND','olipkind','2012-03-21 09:42:28','A','',1),(1831,104,36,'Potentiometer CT6EW103, 10k+-10%, single turn, top adjust, Copal Electronics',20,'CT6EW103-ND','olipkind','2012-03-21 09:38:12','A','',1),(1832,112,6,'MOSFET, SPD06N80C3, N CH, 800V, 6A, T0-252',234,'SPD06N80C3','bwoo','2012-04-04 11:45:37','A','Newark Electronics $2.91',1),(1833,103,177,'RES, 10 OHM, Pulse Withstanding, 0.75W, 2010',235,'RPC2010JT10R0','bwoo','2012-04-04 14:10:31','A','Digi-Key $0.70',1),(1834,101,119,'CAP, HV,CERAMIC, SMT, 5PF,5%, 3KV, NPO, 1808',236,'C1808N5R0J302TO','bwoo','2012-04-09 17:15:12','A','',1),(1835,101,120,'CAP, HV,CERAMIC, SMT, 10PF,5%, 3KV, NPO, 1808',236,'C1808N100J302TO','bwoo','2012-04-09 17:15:50','A','',1),(1836,101,121,'CAP, HV,CERAMIC, SMT, 12PF,5%, 3KV, NPO, 1808',236,'C1808N120J302TO','bwoo','2012-04-09 17:16:24','A','',1),(1837,101,122,'CAP, HV,CERAMIC, SMT, 15PF,5%, 3KV, NPO, 1808',236,'C1808N150J302TO','bwoo','2012-04-09 17:16:56','A','',1),(1838,101,123,'CAP, HV,CERAMIC, SMT, 18PF,5%, 3KV, NPO, 1808',236,'C1808N180J302TO','bwoo','2012-04-09 17:17:25','A','',1),(1839,103,178,'Resistor, SMT, 2M OHM, 1W, 2512, 3KV',237,'HVC2512-2MFT18','bwoo','2012-04-12 16:04:17','A','newark elect_61M6637',1),(1840,101,124,'Cap., cer., 2.2uFx16V, +-10%, X7R, 1206, Murata p/n GRM31MR71C225KA35L ',20,'490-1799-1-ND','olipkind','2012-04-12 16:00:03','A','',1),(1841,103,179,'Resistor, SMT, 100K OHM, 5%, 1.5W, 5025, 5KV',194,'MC102821003JE','bwoo','2012-04-16 15:10:18','A','digi key MC102JE-100K-ND',1),(1842,113,28,'LED, super-red, SMT, Osram p/n LST67K-K1L2-1-Z',240,'AM2520MGC03','olipkind','2012-04-23 09:46:54','A','',1),(1843,113,29,'LED, GREEN,SMT, Osram p/n LGT67K-H2K1-24-Z',240,'LGT67K-H2K1-24-Z','olipkind','2012-04-23 09:54:24','A','',1),(1844,121,407,'CONN, TIP JACK, 5700V, 10A., RED',58,'105-0602-001','bwoo','2012-04-17 09:54:44','A','Newark #39F879  $1.65',1),(1845,108,40,'74VHC123AM, tpd_8.1nS ,SOIC 16',7,'74VHC123AM','bwoo','2012-04-17 11:27:30','A','Newark # 78K6366',1),(1846,107,120,'LM78L05ACM, 5V Regulator, 100mA, SOIC 8',6,'LM78L05ACM','bwoo','2012-04-20 13:44:23','A','NEWARK 41K6321',1),(1847,103,180,'Resistor, SMT, TKF, 2K OHM, 1%, 0805, 1/8W, VISHAY CRCW08052K00FKEA',11,'CRCW08052K00FKEA','bwoo','2012-04-17 16:50:43','A','NEWARK # 52K9945',1),(1848,113,30,'Diode, MSS1P2U-M3/89A, Schottky, VF = 0.41V, ',11,'MSS1P2U-M3/89A','bwoo','2012-04-18 11:29:21','A','NEWARK # 63R5999',1),(1849,103,181,'Resistor, 51.1K Ohm, 1%, 1/4W, SMT,TKF, 1206, Panasonic  ERJ-8ENF5112V',14,'ERJ-8ENF5112V','bwoo','2012-04-18 13:37:49','A','NEWARK# 65T8883',1),(1850,107,121,'TLC072CD, Dual Opamp, Single Supply, 10MHZ, SOIC-8, Texas Instruments',8,'TLC072CD','bwoo','2012-04-20 11:34:01','A','NEWARK # 19C8984',1),(1851,107,122,'LM78L12ACM, 12V Regulator, 100mA, SOIC 8',6,'LM78L12ACM','bwoo','2012-04-20 13:44:58','A','NEWARK 41K6326',1),(1852,107,123,'LM78L15ACM, 15V Regulator, 100mA, SOIC 8',6,'LM78L15ACM','bwoo','2012-04-20 13:47:04','A','NEWARK 07B6966',1),(1853,130,67,'PWR SUPPLY, SINGLE, 6KV, 5mA, ULTRA VOLT, 6C24-P30-C',239,'6C24-P30-C','bwoo','2012-04-20 14:01:02','A','',1),(1854,113,31,'LED, Orange, SMT, Osram p/n LOT67K-L1M2-24-Z',240,'LOT67K-L1M2-24-Z','olipkind','2012-04-23 10:01:39','A','',1),(1855,113,32,'LED, YELLOW, SMT, Osram p/n LYT67K-K2M1-26-Z',240,'LYT67K-K2M1-26-Z','olipkind','2012-04-23 10:08:22','A','',1),(1856,113,33,'LED, BLUE, SMT, Osram p/n LBT67C-Q2S1-35-Z',240,'LBT67C-Q2S1-35-Z','olipkind','2012-04-23 10:13:31','A','',1),(1857,104,37,'Potentiometer, 20K, 25 Turns, 0.5W, through hole',39,'PV36W203C01B00','bwoo','2012-04-23 10:30:07','A','DIGI KEY 490-2881-ND $1.56',1),(1858,103,182,'Resistor, 24.9K, 1%, 1/4W, 1206, Panasonic, ERJ-8ENF2492V',14,'ERJ-8ENF2492V','bwoo','2012-04-23 10:37:09','A','',1),(1859,102,26,'CAP, HV, 4.7nF, 6KV, 20%, VISHAY, 564R60GAD47',11,'564R60GAD47','bwoo','2012-04-23 11:28:45','A','Moucer # 75-564R60GAD47',1),(1860,108,41,'Delay block-debouncer LTC6994CS6-2, 6-pin plastic TSOT-23 package, Linear technology',241,'LTC6994CS6-2','olipkind','2012-04-23 16:58:30','A','',1),(1861,134,7,'SWITCH, RF, COAXIAL, SP4T, LATCHING, TTL CTRL, 24V COIL, SMA(F) , SOLDER TERMS',184,'SEM143DT-24','mwinfield','2012-04-30 09:39:16','A','',1),(1862,121,408,'CONN., D-SUB, 25 POS., FEM. SHELL, CRIMP TYPE, ZINC PL   ',25,'5205207-1 ','mwinfield','2012-04-30 09:54:03','A','',1),(1863,121,409,'CONN., D-SUB 9 POS., FEM. RCPTCL, PCB, STR, .125 SLDR TAILS, PLASTIC, AU PL',25,'5207826-4','mwinfield','2012-05-04 07:41:36','A','',1),(1864,121,410,'CONN., D-SUB 9 POS., MALE PLUG, PCB, STR, .125 SLDR TAILS, PLASTIC, AU PL   ',25,'5208006-2','mwinfield','2012-05-04 07:47:19','A','',1),(1865,121,411,'HDR., VERT., 16 POS., DUAL ROW, AMP MATE-N-LOK 3MM, TIN PL BRASS',25,'4-794630-6','mwinfield','2012-05-04 09:42:32','A','',1),(1866,103,183,'RES NETWORK, ISOLATED, 8 RESISTORS, 4.7K, SOIC-16, RoHS',225,'4816P-T01-472LF','mwinfield','2012-05-04 10:32:57','A','',1),(1867,134,8,'SWITCH, RF COAXIAL, SP4T, DC-18GHz, 24V COIL, NORMALLY OPEN, SMA(f), D-SUB9 CNTRL',242,'4SS6M24','mwinfield','2012-05-07 10:03:43','A','',1),(1868,130,68,'POWER SUPPLY, SWTCHNG, 24V@3.4A, 85-264VAC, 47-440Hz, OPEN FRAME',73,'LPS125','mwinfield','2012-05-09 14:01:54','A','',1),(1869,130,69,'COVER KIT, ASTEC LPS120 SERIES POWER SUPPLY ',73,'LPX120','mwinfield','2012-05-10 06:46:57','A','',1),(1870,107,124,'Opamp, 30V, zero drift, rail-to-rail, precision amplifier ADA4638-1ARZ, Analog Devices',5,'ADA4638-1ARZ','olipkind','2012-05-09 15:08:20','A','',1),(1871,121,412,'CONN., RCPTCL, 3mm, AMP MICRO MATE-N-LOK, 16 POS., DUAL ROW ',25,'1-794617-6','mwinfield','2012-05-10 10:48:22','A','',1),(1872,141,39,'CABLE, IDC RIBBON, 9 COND., 26AWG, GRAY PVC INSUL. ',27,'3801/09','mwinfield','2012-05-11 09:40:59','A','',1),(1873,121,413,'CONN, D-SUB 9 POS., MALE, IDC, 28-26 AWG, UNTHREADED INSERTS, FRONT METAL SHELL   ',27,'8209-6000','mwinfield','2012-05-11 08:57:42','A','',1),(1874,121,414,'CONN, D-SUB 9 POS., FEMALE, IDC, 28-26 AWG, UNTHREADED INSERTS, FRONT METAL SHELL   ',27,'8309-6000','mwinfield','2012-05-11 08:59:02','A','',1),(1875,121,415,'CONN. HSG., 10 POS, DUAL ROW, .1\" PITCH',25,'87977-3','mwinfield','2012-05-11 11:15:53','A','',1),(1876,121,416,'CONTACT, SOCKET, 20-24 AWG, FOR AMPMODU MT CONNECTORS, TIN PL.',25,'87309-8','mwinfield','2012-05-11 11:24:26','A','',1),(1877,121,417,'STRAIN RELIEF, FOR 3M DSUB 9 IDC CONNECTOR',27,'3448-8D09A','mwinfield','2012-05-14 07:12:17','A','',1),(1878,107,125,'ADG1401BRMZ, analog low injection switch MSOP-8, Analog Devices',5,'ADG1401BRMZ','olipkind','2012-05-14 15:06:43','A','',1),(1879,121,418,'HEADER, 4 POS., .100\", FRICTION LOCK, TIN PL',28,'22-23-2041','mwinfield','2012-05-17 07:33:39','A','',1),(1880,101,125,'Cap., cer, 3300pF+-5%, 50v, NPO, 1206, Murata p/n GRM3195C1H332JA01D',20,'','olipkind','2012-05-17 11:34:43','A','',1),(1881,104,38,'Potentiometer 100ohm, single turn, 100ppm, top adjustment, Bourns p/n 3362H-1-101LF',225,'3362H-1-101LF','olipkind','2012-05-18 14:28:06','A','',1),(1882,121,419,'Connector D-SUB plug R/A 25pos gold, amplimite HD-20 series, TE Connectivity p/n 5747842-3',20,'A32099-ND','olipkind','2012-06-05 16:04:27','A','',1),(1883,132,11,'DIRECTIONAL COUPLER, 20DB,4.0-8.0 GHZ, SMA (f)  ',35,'CS20-10-435/1','mwinfield','2012-07-16 07:23:39','A','',1),(1884,107,126,'Frequency to voltage converter AD650JN, 14-PDIP, 0-1MHz, Analog Devices',5,'AD650JN','olipkind','2012-07-25 13:56:16','A','',1),(1885,104,39,'Potentiometer 5K+-10%, Cermet, 12turns, +-150ppm, 0.25W, through hole, Murata p/n 490-2983',39,'490-2983','olipkind','2012-07-30 14:51:43','A','',1),(1886,104,40,'Potentiometer 20K+-10%, Cermet, 12turns, +-150ppm, 0.25W, through hole, Murata ',39,'PC37W203C01B00','olipkind','2012-08-21 09:01:01','A','',1),(1887,107,127,'Analog Swithch ADG1611BRUZ, quad, SPST, NO,1 ohm res., +-5V, +12V, TSSOP-16, Analog Devices',5,'ADG1611BRUZ','olipkind','2012-08-02 14:23:46','A','',1),(1888,107,128,'Voltage regulator LT1521CS-5, +5V output, 300mA, 20V input, S8, Linear Technology   ',243,'LT1521CS-5','olipkind','2012-08-09 14:58:24','A','',1),(1889,107,129,'Opamp, OP2177Ar, dual, precision, SOIC-8, Analog Devices',5,'OP2177AR','olipkind','2012-08-14 08:37:16','A','',1),(1890,103,184,'Resistor 255 OHM, 1%, 1/4W, 1206, Panasonic ERJ-8ENF2490V',15,'ERJ-8ENF2490V','olipkind','2012-08-16 15:14:45','A','',1),(1891,101,126,'Cap., Cer. SMT, 5pF, 50V, +-0.25pf, NPO, 0603, TDK   ',214,'C1608COG1H050C','olipkind','2012-08-16 15:38:18','A','',1),(1892,113,34,'SSTPAD5, diode, low-leakage, I=5pA, SOT-23, Linear Systems',244,'SSTPAD5','olipkind','2012-08-16 15:59:25','A','',1),(1893,103,185,'Resistor 165 OHM, 1%, 1/4W, 1206, Panasonic ERJ-8ENF1650V',15,'ERJ-8ENF1650V','olipkind','2012-08-17 10:15:48','A','',1),(1894,103,186,'232 Resistor Ohm+-1%, SMT, TKF, 1206, Panasonic ERJ-8ENF2320V',15,'ERJ-8ENF2320V','olipkind','2012-08-20 15:53:55','A','',1),(1895,101,127,'Capacitor cer., multilayer, 1000pF+-5%, NPO, 0805, p/n C0805C102J5GACTU, Kemet ',13,'C0805C102J5GACTU','olipkind','2012-09-10 15:08:09','A','',1),(1896,101,128,'Capacitor cer., multilayer, 3300pF+-5%, NPO, 0805, p/n C0805C332J5GACAUTO, Kemet',13,'C0805C332J5GACAUTO','olipkind','2012-09-10 15:08:25','A','',1),(1897,101,129,'Capacitor cer., multilayer, 430pF+-5%, NPO, 50V, 0603, p/n GRM1885C1H431JA01D',39,'GRM1885C1H431JA01D','olipkind','2012-09-10 15:11:28','A','',1),(1898,101,130,'Capacitor cer., 0.022uF+-5%, NPO, 50V, 0805, TDK p/n C2012C0G1H223J',214,'C2012C0G1H223J','olipkind','2012-09-12 14:07:02','A','',1),(1899,107,130,'Voltage Regulator, +12V, 1.5A, TO-220 package, Texas Instruments',8,'UA7812CKCSE3','mwinfield','2012-09-17 13:45:48','A','',1),(1900,130,70,'PWR SUPPLY, 15V@7A, SWTCHR, 88-264VAC, 120mV P-P RIPPLE',57,'RS-100-15','mwinfield','2012-09-17 14:01:56','A','',1),(1901,127,26,'AMP, RF, LOW NOISE, 4.4-5.4 GHz, G=24dB TYP., N.F.=1.9 dB TYP., P1dB= 8dBm MIN., +12VDC',49,'ZX60-542LN-S+','mwinfield','2012-09-18 08:44:34','A','',1),(1902,121,420,'HEADER, VERT, 2 POS., .156\" PITCH, FRICTION LOCK, Sn PL, 7A, 250V   ',28,'26604020','mwinfield','2012-09-18 10:09:21','A','',1),(1903,121,421,'CONN HSG, 2 POS, .156 CTR., W/ LOCKING RAMP   ',28,'09508021','mwinfield','2012-09-18 10:20:02','A','',1),(1904,101,131,'Capacitor variable, trimmer 380pF~1300pF, 175v, Mica p/n GMC41400',245,'GMC41400','olipkind','2012-09-24 15:36:10','A','',1),(1905,101,132,'Cap., cer., 0.022uF+-10%, 200V, 1206, X7R, AVX',107,'12062C223KAT2A','olipkind','2012-09-24 15:57:51','A','',1),(1906,102,27,'Cap, 7500pF+-5%, 200v, COG, Kemet',13,'C333C752J2G5Ta','olipkind','2012-09-24 16:17:06','A','',1),(1907,121,422,'CONN, PLGBLE TERM. BLK., 8 POS., 0.2\" PITCH, SCR. CLAMP, 90 DEG. WIRE ENT., 15A, RoHS   ',28,'39533-2008','mwinfield','2012-10-19 06:41:27','A','',1),(1908,121,423,'CNTCT., SOCKET, CRIMP, 22-18 AWG, MINI UNVRSL. MATE-N-LOCK, Pb PL   ',25,'770988-1','mwinfield','2012-10-22 08:14:59','A','',1),(1909,121,424,'CNTCT., PIN, CRIMP, 22-18 AWG, MINI UNVRSL. MATE-N-LOCK, Pb PL   ',25,'770987-1','mwinfield','2012-10-22 08:12:04','A','',1),(1910,121,425,'CONN. HSG, CAP, AMP MINI-UNVRSL MATE-N-LOK, 4 POS., 600V, 9A',25,'172159-1','mwinfield','2012-10-22 09:15:02','A','',1),(1911,121,426,'ADAPTER, BLKHD, SMA(f)-SMA(f), Au PL  BRASS',221,'132170','mwinfield','2012-11-02 09:17:10','A','',1),(1912,130,71,'PWR SUPPLY, LINEAR, 5V, 0.5A, 230 VAC INPUT  ',56,'5EB50-230','mwinfield','2012-12-19 13:56:24','A','',1),(1913,130,72,'PWR SUPPLY, LINEAR, 5V, 2.5A, 230 VAC INPUT  ',56,'5EB250-230','mwinfield','2012-12-19 14:23:42','A','',1),(1914,130,73,'PWR SUPPLY, LINEAR REG., 2VDC@ 2.2A, 230 VAC INPUT   ',56,'A2NT220-230','mwinfield','2012-12-19 14:24:53','A','',1),(1915,130,74,'PWR SUPPLY, LINEAR REG., 10VDC@ 240mA, 230 VAC INPUT   ',56,'10EB24-230','mwinfield','2012-12-19 14:32:01','A','',1),(1916,130,75,'POWER SUPPLY, LINEAR, +/-5VDC, 500mA, 230 VAC INPUT   ',56,'DB5-50-230','mwinfield','2012-12-20 07:41:29','A','',1),(1917,130,76,'PWR SUPPLY, LINEAR REG., 18VDC@ 2.1A, 0.25mV RIPPLE, 230 VAC INPUT',56,'A18MT210-230','mwinfield','2012-12-20 08:03:51','A','',1),(1918,130,77,'POWER SUPPLY, LINEAR, +/-12VDC, 350mA, 230 VAC INPUT   ',56,'DB12-35-230','mwinfield','2013-01-02 09:37:13','A','',1),(1919,138,41,'TERM. BLK, MICRO-TERM., 4 CLAMP POINTS, 16 A, 26-16 AWG, 15mm DIN MTG., MT1,5-QUATTRO BLUE  ',128,'3025150','mwinfield','2013-01-03 08:48:50','A','',1),(1920,138,42,'COVER, TERM. BLOCK, MT 1,5-QUATTRO TYPE, BLUE',128,'3025309','mwinfield','2013-01-03 10:45:07','A','',1),(1921,117,17,'FUSE, 6.25 AMP SLO-BLO, 250VAC, 3AG   ',112,'03136.25HXP','mwinfield','2013-01-04 11:20:44','A','',1),(1922,130,78,'PWR SUPPLY, LINEAR REG., 24VDC@ 3.5A, 0.25mV RIPPLE, 230 VAC INPUT   ',56,'A24MT350-230','mwinfield','2013-01-07 10:50:22','A','',1),(1923,130,79,'PWR SUPPLY, LINEAR, 15V, 1.0A, 230 VAC INPUT   ',56,'15EB100-230','mwinfield','2013-01-07 10:53:15','A','',1),(1924,130,80,'PWR SUPPLY, DUAL, LINEAR, +/-5V, 1.5A, 230 VAC INPUT   ',56,'TD5-150-230','mwinfield','2013-01-07 10:55:11','A','',1),(1925,141,40,'CABLE, INTL HARMONIZED, 3 x 1.00mm COND., BRN/BLU/GRN-YEL, PVC JKT',246,'86020130','mwinfield','2013-01-07 14:12:59','A','',1),(1926,121,427,'PLUG, EURO AC, CEE7/7 TYPE, GREY, 16A, 250VAC',246,'88010801','mwinfield','2013-01-07 14:19:13','A','',1),(1927,130,81,'POWER SUPPLY, SWTCH REG., 12VDC@1.67A, 85-264 VAC INPUT, DIN MTG',57,'MDR-20-12','mwinfield','2013-01-08 06:40:59','A','',1),(1928,138,43,'TERM. BLK, UK3-TWIN, THREE CLAMP POINTS, 17.5A, 26-16 AWG, 24A, 35mm DIN MTG.',128,'3002225','mwinfield','2013-01-08 07:17:29','A','',1),(1929,138,44,'TERM. BLK, GROUND, UK 3-TWIN-PE TYPE, 1 POLE, 24-14 AWG, 3 CLAMP POINTS, DIN MT.',128,'1923128','mwinfield','2013-01-08 07:18:53','A','',1),(1930,119,31,'FILTER, CERAMIC, BANDPASS, CF=5453MHz, 1 dB BW= 20MHz, SMA(M-F)',247,'940522','mwinfield','2013-01-16 10:09:16','A','',1),(1931,119,32,'FILTER, CERAMIC, BANDPASS, CF=4934MHz, 1 dB BW= 20MHz, SMA(M-F)   ',247,'940523','mwinfield','2013-01-16 10:08:49','A','',1),(1932,141,41,'CABLE, MULTICOND., 3 COND. 22 AWG, OVERALL SHLD, GRAY PVC JACKET, UL TYPE CMG   ',51,'2403C','mwinfield','2013-01-08 11:26:19','A','',1),(1933,130,82,'POWER SUPPLY, SWTCHNG, 24V@5.2A, 85-264VAC, 47-440Hz, OPEN FRAME, MEDICAL/ ITE   ',249,'LPS205-M','mwinfield','2013-01-10 11:10:53','A','',1),(1934,134,9,'SWITCH, RF COAX, SP4T, DC-18GHz, 28V COIL, SMA(f), D-SUB9,SIMILAR TO RLC SR-4C-D',251,'S-8547','mwinfield','2013-01-17 08:41:58','A','',1),(1935,126,110,'Cable coax semirigid PE-SR405FL, L=2.3in',74,'PE-SR405FL','olipkind','2013-01-17 11:03:56','A','',1),(1936,103,187,'Resistor, SMT, TKF, 6.65K+-1%, 1206, Panasonic ERJ-8ENF6651V',15,'ERJ-8ENF6651V','olipkind','2013-01-22 17:08:47','A','',1),(1937,103,188,'Resistor, SMT, TKF, 51K+-5%, 1W, 2512, Panasonic ERJ-1TYJ513U',15,'ERJ-1TYJ513U','olipkind','2013-01-23 08:26:36','A','',1),(1938,121,428,'CONN HSG., RECPT., COMBO-D, 2W7, 2 #8 CNTCT SPACES, 5 #20 SLDR CUP SIGNAL CNTCTS.   ',252,'3007W2SCM99A10X','mwinfield','2013-01-29 09:15:26','A','',1),(1939,121,429,'CNTCT, D-SUB COMBO, FEM, #8 HIGH POWER, 10 AMP, SLDR CUP, Au PL',252,'132C10019X','mwinfield','2013-01-29 09:16:10','A','',1),(1940,127,27,'AMPLIFIER, RF, 2856MHZ, 400W (PEAK), 0dBm IN, CLASS A, PULSED   ',72,'AM10-2.85S-55-55','mwinfield','2013-01-29 09:51:02','A','',1),(1941,115,15,'RELAY, DPDT, 4.5V COIL, 140mW, SMT, 1A CNTCT.',182,'AGN200A4H','mwinfield','2013-02-01 09:16:55','A','',1),(1942,130,83,'POWER SUPPLY, 1500W, 90-264VAC IN, 43-56V / 0-32A OUT, RMT ON/OFF, FORCED AIR COOLING',57,'RSP-1500-48','mwinfield','2013-02-01 10:43:20','A','',1);
/*!40000 ALTER TABLE `parts` ENABLE KEYS */;
UNLOCK TABLES;

--
-- Table structure for table `vendor`
--

DROP TABLE IF EXISTS `vendor`;
/*!40101 SET @saved_cs_client     = @@character_set_client */;
/*!40101 SET character_set_client = utf8 */;
CREATE TABLE `vendor` (
  `id` int(11) NOT NULL AUTO_INCREMENT,
  `descrip` varchar(255) NOT NULL DEFAULT '',
  UNIQUE KEY `idx1` (`id`,`descrip`)
) ENGINE=MyISAM AUTO_INCREMENT=253 DEFAULT CHARSET=latin1;
/*!40101 SET character_set_client = @saved_cs_client */;

--
-- Dumping data for table `vendor`
--

LOCK TABLES `vendor` WRITE;
/*!40000 ALTER TABLE `vendor` DISABLE KEYS */;
INSERT INTO `vendor` VALUES (1,''),(2,'burr-brown'),(3,'McMaster-CARR'),(4,'Carr Lane'),(5,'Analog Devices'),(6,'National Semiconductor'),(7,'Fairchild'),(8,'Texas Instruments'),(9,'ON Semiconductor'),(10,'Toshiba'),(11,'Vishay'),(12,'Yageo America'),(13,'Kemet'),(14,'Panasonic-ECG'),(15,'panasonic'),(16,'Lark Engineering'),(17,'mini-ciruits'),(18,'Vishay Siliconix'),(19,'amphenol'),(20,'digikey'),(21,'Maxim'),(22,'Keystone'),(23,'Chicago Miniature Lamp'),(24,'Diodes Incorporated'),(25,'AMP/Tyco Electronics'),(26,'ITT INDUSTRIES'),(27,'3M'),(28,'MOLEX'),(29,'DIALIGHT'),(30,'Vectron International'),(31,'Communication Techniques Inc.'),(32,'IMC'),(33,'First Source'),(34,'Varian'),(35,'Pulsar Microwave'),(36,'cougar components'),(37,'PARKER'),(38,'PIC Design'),(39,'Murata'),(40,'Leaner Technologies'),(41,'National'),(42,'Advance Microwave'),(43,'Hirose Electric Co.'),(44,'Key Belleville, Inc.'),(45,'VMP'),(46,'Tensolite'),(47,'SWAGELOK'),(48,'Lambda'),(49,'Mini-Circuits'),(50,'ELMA'),(51,'ALPHA WIRE CO.'),(52,'DIRECTED ENERGY INC.'),(53,'JOHANSON DIELECTRICS'),(54,'Sumida'),(55,'EPSON'),(56,'ACOPIAN'),(57,'MEAN WELL'),(58,'JOHNSON COMPONENTS'),(59,'ELMEC'),(60,'WISE WAVE TECHNOLOGIES'),(61,'LORCH MICROWAVE'),(62,'TYCO/CORCOM'),(63,'data delay devices'),(64,'BELDEN'),(65,'LeaderTech'),(66,'MKS INSTRUMENTS'),(67,'Ferroxcube'),(68,'Sierra Proto Express'),(69,'NOVA MICROWAVE'),(70,'Newark'),(71,'SPECTRUM CONTROLS'),(72,'MICROWAVE AMPLIFIERS LTD.'),(73,'ASTEC'),(74,'Pasternack Enterprises'),(75,'NMB TECHNOLOGIES'),(76,'BERTRAN'),(77,'OMRON'),(78,'Agilent'),(79,'Reid'),(80,'Accurate Screw Macine Co.'),(81,'spec, associated spring'),(82,'newport'),(83,'seastrom'),(84,'Intersil'),(85,'Linear Technology'),(86,'Amveco'),(87,'Cprcom'),(88,'Riedon'),(89,'NORCOMP'),(90,'THOMAS & BETTS'),(91,'ALL BEST'),(92,'MDC'),(93,'CORCOM'),(94,'acopian'),(95,'L-COM'),(96,'GALIL MITION CONTROL'),(97,'GALIL'),(98,'OLANDER CO.'),(99,'CONCORD ELECTRONICS'),(100,'MARATHON SPECIAL PROD.'),(101,'NEXUS TECHNOLOGY'),(102,'SPC TECHNOLOGY'),(103,'STEWARD'),(104,'lyncean'),(105,'SIEMENS'),(106,'QUALTEK'),(107,'AVX'),(108,'BC Components'),(109,'ISOTEK'),(110,'Apex Microtechnology'),(111,'Vishay/Dale'),(112,'LITTLEFUSE'),(113,'C &  D Technologies'),(114,'CDE Cornell Dubilier'),(115,'CADDOCK'),(116,'JFW INDUSTRIES'),(117,'NORCOMP INC.'),(118,'TYCO ELECTRONICS/ P&B'),(119,'GC'),(120,'GREENRAY INDUSTRIES'),(121,'PHONEX CONTACT'),(122,'Interpower Corp.'),(123,'AMPHENOL'),(124,'AMPHENOL'),(125,'CUTLER HAMMER'),(126,'HEINEMANN'),(127,'ITT-CANNON'),(128,'PHOENIX CONTACT'),(129,'CDE MALLORY'),(130,'COTO TECHNOLOGY'),(131,'Fairchild'),(132,'Atmel'),(133,'ZILINX'),(134,'Xilinx'),(135,'Linear Technology'),(136,'Diodes Corp'),(137,'Comm Conn'),(138,'MANHATTAN/CDT'),(139,'OPHIR RF'),(140,'MICROLAB/FXR'),(141,'EBM PAPST'),(142,'FAMETECH INC.'),(143,'PHYCO'),(144,'ALPHA OMEGA INSTRUMENTS'),(145,'International Rectifier'),(146,'ANALOG MODULES, INC'),(147,'INRAD'),(148,'HONEYWELL'),(149,'NEW FOCUS'),(150,'THORLABS'),(151,'ILX LIGHTWAVE'),(152,'MARLOW INDUSTRIES'),(153,'COHERENT'),(154,'NMB'),(155,'EBM PAPST'),(156,'THOMAS&BETTS'),(157,'CTRLink'),(158,'CONTEMPORARY CONTROLS'),(159,'OMNICABLE'),(160,'P1DB'),(161,'MULTICOMP'),(162,'LUMEX'),(163,'ALCOSWITCH/TYCO'),(164,'CINCH'),(165,'NIAS'),(166,'ULTRAVOLT'),(167,'EPCOS INC.'),(168,'CONSOLIDATED WIRE AND CABLE'),(169,'PANDUIT'),(170,'Synergy'),(171,'CHANNEL MICROWAVE'),(172,'MECA'),(173,'KOBICONN'),(174,'TIBBO'),(175,'AMETES'),(176,'APPLIED INTERCONNECT'),(177,'Microwave Circuits'),(178,'Lyncean'),(179,'Linear Technology'),(180,'SWITCHCRAFT'),(181,'MEASUREMENT COMPUTING CORP.'),(182,'PANASONIC ELECTRIC WORKS'),(183,'IDEC'),(184,'NARDA MICROWAVE'),(185,'VISHAY/ BC COMPONENTS'),(186,'Aavid Thermalloy'),(187,'BULGIN'),(188,'OZ'),(189,'DATEL'),(190,'COSEL'),(191,'Coilcraft'),(192,'OphirRF'),(193,'Spectrum Microwave'),(194,'OHMITE'),(195,'WAKEFIELD ENGINEERING'),(196,'coilcraft'),(197,'NICHICON'),(198,'IXYSRF'),(199,'NATIONAL INSTRUMENTS'),(200,'TIMES MICROWAVE'),(201,'AML Communications'),(202,'Diodes Inc'),(203,'Ciolcraft'),(204,'TOKO'),(205,'TECHFLEX'),(206,'ORIENTAL MOTOR'),(207,'SHARP ELECTRONICS'),(208,'MACRO SENSORS'),(209,'PHYSIK INSTRUMENTE (PI)'),(210,'Kurt J. Lesker Co.'),(211,'KR Engineering'),(212,'BAUMER GROUP'),(213,'NSK'),(214,'TDK corp'),(215,'Cirrus Logic'),(216,'MILL-MAX MANUFACTURING'),(217,'EMERSON NETWORK POWER CONNECTIVITY SOLUTIONS'),(218,'INTERSIL'),(219,'Linear Technology'),(220,'RF INDUSTRIES'),(221,'AMPHENOL CONNEX'),(222,'BRADY'),(223,'IRD'),(224,'International Radiation Detectors Inc.'),(225,'BOURNS'),(226,'JOHANSON TECHNOLOGY'),(227,'COPAL ELECTRONICS'),(228,'NXP semiconductors'),(229,'TAIYO YUDEN'),(230,'ETA-USA'),(231,'DANIEL WOODHEAD CO.'),(232,'Novatech Instruments'),(233,'TECHNOLOGIC SYSTEMS'),(234,'INFINEON'),(235,'STACKPOLE ELECTRONICS INC'),(236,'HOLY STONE'),(237,'WELWYN'),(238,'Kingbright'),(239,'ULTRAVOLT'),(240,'Osram'),(241,'Linear Technology'),(242,'DUCOMMUN TECHNOLOGIES'),(243,'Linear Technology'),(244,'Linear Systems'),(245,'Mica'),(246,'INTERPOWER CORP.'),(247,'INTEGRATED MICROWAVE CORP.'),(248,'EMERSON NETWOR POWER'),(249,'EMERSON NETWORK POWER'),(250,'Bracke Manufacturing'),(251,'RLC ELECTRONICS'),(252,'CONEC');
/*!40000 ALTER TABLE `vendor` ENABLE KEYS */;
UNLOCK TABLES;
/*!40103 SET TIME_ZONE=@OLD_TIME_ZONE */;

/*!40101 SET SQL_MODE=@OLD_SQL_MODE */;
/*!40014 SET FOREIGN_KEY_CHECKS=@OLD_FOREIGN_KEY_CHECKS */;
/*!40014 SET UNIQUE_CHECKS=@OLD_UNIQUE_CHECKS */;
/*!40101 SET CHARACTER_SET_CLIENT=@OLD_CHARACTER_SET_CLIENT */;
/*!40101 SET CHARACTER_SET_RESULTS=@OLD_CHARACTER_SET_RESULTS */;
/*!40101 SET COLLATION_CONNECTION=@OLD_COLLATION_CONNECTION */;
/*!40111 SET SQL_NOTES=@OLD_SQL_NOTES */;

-- Dump completed on 2013-02-12  0:01:02
